episode,cycle,round,ticker,reward,steps,epsilon_end,mean_loss,last_loss,learn_steps,target_updates,replay_size
24,1,1,CC,-4.46973,1100,0.290009,0.001516,0.001337,5375,5,5000
24,1,1,DA,-4.527465,1100,0.290009,0.001516,0.001337,5375,5,5000
24,1,1,GI,-1.80732,1106,0.290009,0.001516,0.001337,5375,5,5000
24,1,1,JO,-3.273189,1100,0.290009,0.001516,0.001337,5375,5,5000
24,1,1,KC,-3.487244,1100,0.290009,0.001516,0.001337,5375,5,5000
24,1,1,KW,-8.142559,1106,0.290009,0.001516,0.001337,5375,5,5000
24,1,1,LB,-3.627191,1106,0.290009,0.001516,0.001337,5375,5,5000
24,1,1,NR,-2.995216,1106,0.290009,0.001516,0.001337,5375,5,5000
24,1,1,SB,-2.777514,1100,0.290009,0.001516,0.001337,5375,5,5000
24,1,1,ZC,-3.853501,1106,0.290009,0.001516,0.001337,5375,5,5000
24,1,1,ZF,-18.987124,1106,0.290009,0.001516,0.001337,5375,5,5000
24,1,1,ZG,-4.447408,1105,0.290009,0.001516,0.001337,5375,5,5000
24,1,1,ZH,-3.797336,1103,0.290009,0.001516,0.001337,5375,5,5000
24,1,1,ZI,-4.504966,1105,0.290009,0.001516,0.001337,5375,5,5000
24,1,1,ZK,-4.682105,1104,0.290009,0.001516,0.001337,5375,5,5000
24,1,1,ZL,-3.637773,1106,0.290009,0.001516,0.001337,5375,5,5000
24,1,1,ZO,-1.901899,1105,0.290009,0.001516,0.001337,5375,5,5000
24,1,1,ZP,-3.673897,1105,0.290009,0.001516,0.001337,5375,5,5000
24,1,1,ZR,-12.078756,1106,0.290009,0.001516,0.001337,5375,5,5000
24,1,1,ZT,-9.232717,1106,0.290009,0.001516,0.001337,5375,5,5000
24,1,1,ZU,-7.635422,1101,0.290009,0.001516,0.001337,5375,5,5000
24,1,1,ZW,-9.567568,1106,0.290009,0.001516,0.001337,5375,5,5000
24,1,1,ZZ,-6.757224,1106,0.290009,0.001516,0.001337,5375,5,5000
24,1,1,ZN,-7.973525,1102,0.290009,0.001516,0.001337,5375,5,5000
48,2,1,CC,-3.946713,1100,0.280018,0.001382,0.002435,11999,11,5000
48,2,1,DA,-4.801121,1100,0.280018,0.001382,0.002435,11999,11,5000
48,2,1,GI,-2.725553,1106,0.280018,0.001382,0.002435,11999,11,5000
48,2,1,JO,-2.633491,1100,0.280018,0.001382,0.002435,11999,11,5000
48,2,1,KC,-3.007084,1100,0.280018,0.001382,0.002435,11999,11,5000
48,2,1,KW,-6.153496,1106,0.280018,0.001382,0.002435,11999,11,5000
48,2,1,LB,-2.467808,1106,0.280018,0.001382,0.002435,11999,11,5000
48,2,1,NR,-2.177751,1106,0.280018,0.001382,0.002435,11999,11,5000
48,2,1,SB,-4.868996,1100,0.280018,0.001382,0.002435,11999,11,5000
48,2,1,ZC,-2.704283,1106,0.280018,0.001382,0.002435,11999,11,5000
48,2,1,ZF,-13.16553,1106,0.280018,0.001382,0.002435,11999,11,5000
48,2,1,ZG,-3.559665,1105,0.280018,0.001382,0.002435,11999,11,5000
48,2,1,ZH,-1.135153,1103,0.280018,0.001382,0.002435,11999,11,5000
48,2,1,ZI,-5.875314,1105,0.280018,0.001382,0.002435,11999,11,5000
48,2,1,ZK,-3.919904,1104,0.280018,0.001382,0.002435,11999,11,5000
48,2,1,ZL,-3.284706,1106,0.280018,0.001382,0.002435,11999,11,5000
48,2,1,ZO,-1.414588,1105,0.280018,0.001382,0.002435,11999,11,5000
48,2,1,ZP,-3.829738,1105,0.280018,0.001382,0.002435,11999,11,5000
48,2,1,ZR,-10.824695,1106,0.280018,0.001382,0.002435,11999,11,5000
48,2,1,ZT,-5.880725,1106,0.280018,0.001382,0.002435,11999,11,5000
48,2,1,ZU,-3.679113,1101,0.280018,0.001382,0.002435,11999,11,5000
48,2,1,ZW,-6.882742,1106,0.280018,0.001382,0.002435,11999,11,5000
48,2,1,ZZ,-2.264073,1106,0.280018,0.001382,0.002435,11999,11,5000
48,2,1,ZN,-6.248555,1102,0.280018,0.001382,0.002435,11999,11,5000
72,3,1,CC,-5.966947,1100,0.270027,0.001644,0.001047,18623,18,5000
72,3,1,DA,-5.180457,1100,0.270027,0.001644,0.001047,18623,18,5000
72,3,1,GI,-0.990976,1106,0.270027,0.001644,0.001047,18623,18,5000
72,3,1,JO,1.257016,1100,0.270027,0.001644,0.001047,18623,18,5000
72,3,1,KC,-5.834961,1100,0.270027,0.001644,0.001047,18623,18,5000
72,3,1,KW,-4.066062,1106,0.270027,0.001644,0.001047,18623,18,5000
72,3,1,LB,-2.204856,1106,0.270027,0.001644,0.001047,18623,18,5000
72,3,1,NR,-3.648211,1106,0.270027,0.001644,0.001047,18623,18,5000
72,3,1,SB,-2.188699,1100,0.270027,0.001644,0.001047,18623,18,5000
72,3,1,ZC,-2.944686,1106,0.270027,0.001644,0.001047,18623,18,5000
72,3,1,ZF,-13.117235,1106,0.270027,0.001644,0.001047,18623,18,5000
72,3,1,ZG,-5.344628,1105,0.270027,0.001644,0.001047,18623,18,5000
72,3,1,ZH,-2.523073,1103,0.270027,0.001644,0.001047,18623,18,5000
72,3,1,ZI,-5.467833,1105,0.270027,0.001644,0.001047,18623,18,5000
72,3,1,ZK,-3.263635,1104,0.270027,0.001644,0.001047,18623,18,5000
72,3,1,ZL,-4.845594,1106,0.270027,0.001644,0.001047,18623,18,5000
72,3,1,ZO,-2.375315,1105,0.270027,0.001644,0.001047,18623,18,5000
72,3,1,ZP,-3.644633,1105,0.270027,0.001644,0.001047,18623,18,5000
72,3,1,ZR,-7.486042,1106,0.270027,0.001644,0.001047,18623,18,5000
72,3,1,ZT,-5.197975,1106,0.270027,0.001644,0.001047,18623,18,5000
72,3,1,ZU,-4.876495,1101,0.270027,0.001644,0.001047,18623,18,5000
72,3,1,ZW,-6.149627,1106,0.270027,0.001644,0.001047,18623,18,5000
72,3,1,ZZ,-2.012075,1106,0.270027,0.001644,0.001047,18623,18,5000
72,3,1,ZN,-4.31736,1102,0.270027,0.001644,0.001047,18623,18,5000
96,4,1,CC,-2.297552,1100,0.260036,0.001911,0.001913,25247,25,5000
96,4,1,DA,-3.604468,1100,0.260036,0.001911,0.001913,25247,25,5000
96,4,1,GI,-3.028239,1106,0.260036,0.001911,0.001913,25247,25,5000
96,4,1,JO,-2.908768,1100,0.260036,0.001911,0.001913,25247,25,5000
96,4,1,KC,-5.117606,1100,0.260036,0.001911,0.001913,25247,25,5000
96,4,1,KW,-3.634753,1106,0.260036,0.001911,0.001913,25247,25,5000
96,4,1,LB,-0.563592,1106,0.260036,0.001911,0.001913,25247,25,5000
96,4,1,NR,-1.380399,1106,0.260036,0.001911,0.001913,25247,25,5000
96,4,1,SB,-3.096529,1100,0.260036,0.001911,0.001913,25247,25,5000
96,4,1,ZC,-2.838184,1106,0.260036,0.001911,0.001913,25247,25,5000
96,4,1,ZF,-12.544664,1106,0.260036,0.001911,0.001913,25247,25,5000
96,4,1,ZG,-6.642585,1105,0.260036,0.001911,0.001913,25247,25,5000
96,4,1,ZH,-0.968373,1103,0.260036,0.001911,0.001913,25247,25,5000
96,4,1,ZI,-3.648367,1105,0.260036,0.001911,0.001913,25247,25,5000
96,4,1,ZK,-4.725967,1104,0.260036,0.001911,0.001913,25247,25,5000
96,4,1,ZL,-2.479902,1106,0.260036,0.001911,0.001913,25247,25,5000
96,4,1,ZO,-2.66938,1105,0.260036,0.001911,0.001913,25247,25,5000
96,4,1,ZP,-2.293489,1105,0.260036,0.001911,0.001913,25247,25,5000
96,4,1,ZR,-5.648386,1106,0.260036,0.001911,0.001913,25247,25,5000
96,4,1,ZT,-3.609465,1106,0.260036,0.001911,0.001913,25247,25,5000
96,4,1,ZU,-2.936184,1101,0.260036,0.001911,0.001913,25247,25,5000
96,4,1,ZW,-5.721011,1106,0.260036,0.001911,0.001913,25247,25,5000
96,4,1,ZZ,-0.393453,1106,0.260036,0.001911,0.001913,25247,25,5000
96,4,1,ZN,-5.001903,1102,0.260036,0.001911,0.001913,25247,25,5000
120,5,1,CC,-4.269526,1100,0.250045,0.001986,0.002294,31871,31,5000
120,5,1,DA,-3.430786,1100,0.250045,0.001986,0.002294,31871,31,5000
120,5,1,GI,-1.06091,1106,0.250045,0.001986,0.002294,31871,31,5000
120,5,1,JO,-1.366745,1100,0.250045,0.001986,0.002294,31871,31,5000
120,5,1,KC,-3.726211,1100,0.250045,0.001986,0.002294,31871,31,5000
120,5,1,KW,-4.132897,1106,0.250045,0.001986,0.002294,31871,31,5000
120,5,1,LB,-1.080123,1106,0.250045,0.001986,0.002294,31871,31,5000
120,5,1,NR,-2.562091,1106,0.250045,0.001986,0.002294,31871,31,5000
120,5,1,SB,-2.783926,1100,0.250045,0.001986,0.002294,31871,31,5000
120,5,1,ZC,-0.740046,1106,0.250045,0.001986,0.002294,31871,31,5000
120,5,1,ZF,-14.045117,1106,0.250045,0.001986,0.002294,31871,31,5000
120,5,1,ZG,-4.140922,1105,0.250045,0.001986,0.002294,31871,31,5000
120,5,1,ZH,-2.061853,1103,0.250045,0.001986,0.002294,31871,31,5000
120,5,1,ZI,-3.332081,1105,0.250045,0.001986,0.002294,31871,31,5000
120,5,1,ZK,-2.622274,1104,0.250045,0.001986,0.002294,31871,31,5000
120,5,1,ZL,-4.464361,1106,0.250045,0.001986,0.002294,31871,31,5000
120,5,1,ZO,-0.171319,1105,0.250045,0.001986,0.002294,31871,31,5000
120,5,1,ZP,-3.079907,1105,0.250045,0.001986,0.002294,31871,31,5000
120,5,1,ZR,-4.29056,1106,0.250045,0.001986,0.002294,31871,31,5000
120,5,1,ZT,-5.339445,1106,0.250045,0.001986,0.002294,31871,31,5000
120,5,1,ZU,-2.363921,1101,0.250045,0.001986,0.002294,31871,31,5000
120,5,1,ZW,-4.027765,1106,0.250045,0.001986,0.002294,31871,31,5000
120,5,1,ZZ,-0.691309,1106,0.250045,0.001986,0.002294,31871,31,5000
120,5,1,ZN,-2.376212,1102,0.250045,0.001986,0.002294,31871,31,5000
144,6,1,CC,-2.141676,1100,0.240054,0.002112,0.001271,38495,38,5000
144,6,1,DA,-2.428964,1100,0.240054,0.002112,0.001271,38495,38,5000
144,6,1,GI,-2.898472,1106,0.240054,0.002112,0.001271,38495,38,5000
144,6,1,JO,1.298376,1100,0.240054,0.002112,0.001271,38495,38,5000
144,6,1,KC,-1.40669,1100,0.240054,0.002112,0.001271,38495,38,5000
144,6,1,KW,-3.440169,1106,0.240054,0.002112,0.001271,38495,38,5000
144,6,1,LB,-1.713717,1106,0.240054,0.002112,0.001271,38495,38,5000
144,6,1,NR,-0.081319,1106,0.240054,0.002112,0.001271,38495,38,5000
144,6,1,SB,-2.550626,1100,0.240054,0.002112,0.001271,38495,38,5000
144,6,1,ZC,-2.6406,1106,0.240054,0.002112,0.001271,38495,38,5000
144,6,1,ZF,-11.819382,1106,0.240054,0.002112,0.001271,38495,38,5000
144,6,1,ZG,-4.991422,1105,0.240054,0.002112,0.001271,38495,38,5000
144,6,1,ZH,-1.385683,1103,0.240054,0.002112,0.001271,38495,38,5000
144,6,1,ZI,-5.615997,1105,0.240054,0.002112,0.001271,38495,38,5000
144,6,1,ZK,-3.86341,1104,0.240054,0.002112,0.001271,38495,38,5000
144,6,1,ZL,-2.319015,1106,0.240054,0.002112,0.001271,38495,38,5000
144,6,1,ZO,-1.333049,1105,0.240054,0.002112,0.001271,38495,38,5000
144,6,1,ZP,-3.128967,1105,0.240054,0.002112,0.001271,38495,38,5000
144,6,1,ZR,-6.231035,1106,0.240054,0.002112,0.001271,38495,38,5000
144,6,1,ZT,-7.362595,1106,0.240054,0.002112,0.001271,38495,38,5000
144,6,1,ZU,-2.772893,1101,0.240054,0.002112,0.001271,38495,38,5000
144,6,1,ZW,-5.322105,1106,0.240054,0.002112,0.001271,38495,38,5000
144,6,1,ZZ,-0.778536,1106,0.240054,0.002112,0.001271,38495,38,5000
144,6,1,ZN,-3.463918,1102,0.240054,0.002112,0.001271,38495,38,5000
168,7,1,CC,-2.22922,1100,0.230063,0.002097,0.001116,45119,45,5000
168,7,1,DA,-4.243185,1100,0.230063,0.002097,0.001116,45119,45,5000
168,7,1,GI,0.418925,1106,0.230063,0.002097,0.001116,45119,45,5000
168,7,1,JO,-0.6743,1100,0.230063,0.002097,0.001116,45119,45,5000
168,7,1,KC,-2.409489,1100,0.230063,0.002097,0.001116,45119,45,5000
168,7,1,KW,-3.500362,1106,0.230063,0.002097,0.001116,45119,45,5000
168,7,1,LB,-1.209883,1106,0.230063,0.002097,0.001116,45119,45,5000
168,7,1,NR,-1.797047,1106,0.230063,0.002097,0.001116,45119,45,5000
168,7,1,SB,-4.139784,1100,0.230063,0.002097,0.001116,45119,45,5000
168,7,1,ZC,-2.228017,1106,0.230063,0.002097,0.001116,45119,45,5000
168,7,1,ZF,-11.403795,1106,0.230063,0.002097,0.001116,45119,45,5000
168,7,1,ZG,-3.417542,1105,0.230063,0.002097,0.001116,45119,45,5000
168,7,1,ZH,-0.668572,1103,0.230063,0.002097,0.001116,45119,45,5000
168,7,1,ZI,-4.305645,1105,0.230063,0.002097,0.001116,45119,45,5000
168,7,1,ZK,-4.211174,1104,0.230063,0.002097,0.001116,45119,45,5000
168,7,1,ZL,-2.368071,1106,0.230063,0.002097,0.001116,45119,45,5000
168,7,1,ZO,0.426008,1105,0.230063,0.002097,0.001116,45119,45,5000
168,7,1,ZP,-4.712465,1105,0.230063,0.002097,0.001116,45119,45,5000
168,7,1,ZR,-8.124468,1106,0.230063,0.002097,0.001116,45119,45,5000
168,7,1,ZT,-5.754693,1106,0.230063,0.002097,0.001116,45119,45,5000
168,7,1,ZU,-2.068485,1101,0.230063,0.002097,0.001116,45119,45,5000
168,7,1,ZW,-7.057697,1106,0.230063,0.002097,0.001116,45119,45,5000
168,7,1,ZZ,-1.779548,1106,0.230063,0.002097,0.001116,45119,45,5000
168,7,1,ZN,-4.55846,1102,0.230063,0.002097,0.001116,45119,45,5000
192,8,1,CC,-1.44417,1100,0.220072,0.001819,0.001917,51743,51,5000
192,8,1,DA,-4.662506,1100,0.220072,0.001819,0.001917,51743,51,5000
192,8,1,GI,-0.597228,1106,0.220072,0.001819,0.001917,51743,51,5000
192,8,1,JO,0.918308,1100,0.220072,0.001819,0.001917,51743,51,5000
192,8,1,KC,-2.008218,1100,0.220072,0.001819,0.001917,51743,51,5000
192,8,1,KW,-2.70635,1106,0.220072,0.001819,0.001917,51743,51,5000
192,8,1,LB,-3.290023,1106,0.220072,0.001819,0.001917,51743,51,5000
192,8,1,NR,-1.086694,1106,0.220072,0.001819,0.001917,51743,51,5000
192,8,1,SB,1.708483,1100,0.220072,0.001819,0.001917,51743,51,5000
192,8,1,ZC,-0.392258,1106,0.220072,0.001819,0.001917,51743,51,5000
192,8,1,ZF,-8.86021,1106,0.220072,0.001819,0.001917,51743,51,5000
192,8,1,ZG,-2.587526,1105,0.220072,0.001819,0.001917,51743,51,5000
192,8,1,ZH,-1.046557,1103,0.220072,0.001819,0.001917,51743,51,5000
192,8,1,ZI,-1.867556,1105,0.220072,0.001819,0.001917,51743,51,5000
192,8,1,ZK,-2.295271,1104,0.220072,0.001819,0.001917,51743,51,5000
192,8,1,ZL,-2.5626,1106,0.220072,0.001819,0.001917,51743,51,5000
192,8,1,ZO,-0.995042,1105,0.220072,0.001819,0.001917,51743,51,5000
192,8,1,ZP,-3.878056,1105,0.220072,0.001819,0.001917,51743,51,5000
192,8,1,ZR,-5.104264,1106,0.220072,0.001819,0.001917,51743,51,5000
192,8,1,ZT,-6.541106,1106,0.220072,0.001819,0.001917,51743,51,5000
192,8,1,ZU,-0.169399,1101,0.220072,0.001819,0.001917,51743,51,5000
192,8,1,ZW,-6.088694,1106,0.220072,0.001819,0.001917,51743,51,5000
192,8,1,ZZ,-1.010957,1106,0.220072,0.001819,0.001917,51743,51,5000
192,8,1,ZN,-4.736431,1102,0.220072,0.001819,0.001917,51743,51,5000
216,9,1,CC,-2.784306,1100,0.210081,0.001871,0.001251,58367,58,5000
216,9,1,DA,-3.558815,1100,0.210081,0.001871,0.001251,58367,58,5000
216,9,1,GI,-1.468584,1106,0.210081,0.001871,0.001251,58367,58,5000
216,9,1,JO,-0.993491,1100,0.210081,0.001871,0.001251,58367,58,5000
216,9,1,KC,-3.811682,1100,0.210081,0.001871,0.001251,58367,58,5000
216,9,1,KW,-3.80672,1106,0.210081,0.001871,0.001251,58367,58,5000
216,9,1,LB,-1.061205,1106,0.210081,0.001871,0.001251,58367,58,5000
216,9,1,NR,-0.499178,1106,0.210081,0.001871,0.001251,58367,58,5000
216,9,1,SB,-1.554162,1100,0.210081,0.001871,0.001251,58367,58,5000
216,9,1,ZC,-1.626626,1106,0.210081,0.001871,0.001251,58367,58,5000
216,9,1,ZF,-10.341383,1106,0.210081,0.001871,0.001251,58367,58,5000
216,9,1,ZG,-1.721607,1105,0.210081,0.001871,0.001251,58367,58,5000
216,9,1,ZH,-0.689397,1103,0.210081,0.001871,0.001251,58367,58,5000
216,9,1,ZI,-4.66673,1105,0.210081,0.001871,0.001251,58367,58,5000
216,9,1,ZK,-5.279379,1104,0.210081,0.001871,0.001251,58367,58,5000
216,9,1,ZL,-1.229612,1106,0.210081,0.001871,0.001251,58367,58,5000
216,9,1,ZO,-0.196929,1105,0.210081,0.001871,0.001251,58367,58,5000
216,9,1,ZP,-2.878254,1105,0.210081,0.001871,0.001251,58367,58,5000
216,9,1,ZR,-7.125271,1106,0.210081,0.001871,0.001251,58367,58,5000
216,9,1,ZT,-4.871473,1106,0.210081,0.001871,0.001251,58367,58,5000
216,9,1,ZU,-1.945053,1101,0.210081,0.001871,0.001251,58367,58,5000
216,9,1,ZW,-5.830047,1106,0.210081,0.001871,0.001251,58367,58,5000
216,9,1,ZZ,-0.970645,1106,0.210081,0.001871,0.001251,58367,58,5000
216,9,1,ZN,-3.801175,1102,0.210081,0.001871,0.001251,58367,58,5000
240,10,1,CC,-1.553089,1100,0.20009,0.001724,0.00135,64991,64,5000
240,10,1,DA,-1.233454,1100,0.20009,0.001724,0.00135,64991,64,5000
240,10,1,GI,-0.02909,1106,0.20009,0.001724,0.00135,64991,64,5000
240,10,1,JO,1.32955,1100,0.20009,0.001724,0.00135,64991,64,5000
240,10,1,KC,-2.318572,1100,0.20009,0.001724,0.00135,64991,64,5000
240,10,1,KW,-2.091628,1106,0.20009,0.001724,0.00135,64991,64,5000
240,10,1,LB,-3.681829,1106,0.20009,0.001724,0.00135,64991,64,5000
240,10,1,NR,0.290828,1106,0.20009,0.001724,0.00135,64991,64,5000
240,10,1,SB,-0.530707,1100,0.20009,0.001724,0.00135,64991,64,5000
240,10,1,ZC,-3.112862,1106,0.20009,0.001724,0.00135,64991,64,5000
240,10,1,ZF,-10.290376,1106,0.20009,0.001724,0.00135,64991,64,5000
240,10,1,ZG,-3.535057,1105,0.20009,0.001724,0.00135,64991,64,5000
240,10,1,ZH,-0.57513,1103,0.20009,0.001724,0.00135,64991,64,5000
240,10,1,ZI,-2.091736,1105,0.20009,0.001724,0.00135,64991,64,5000
240,10,1,ZK,-1.308393,1104,0.20009,0.001724,0.00135,64991,64,5000
240,10,1,ZL,0.817742,1106,0.20009,0.001724,0.00135,64991,64,5000
240,10,1,ZO,0.34791,1105,0.20009,0.001724,0.00135,64991,64,5000
240,10,1,ZP,-5.020051,1105,0.20009,0.001724,0.00135,64991,64,5000
240,10,1,ZR,-5.422808,1106,0.20009,0.001724,0.00135,64991,64,5000
240,10,1,ZT,-5.524436,1106,0.20009,0.001724,0.00135,64991,64,5000
240,10,1,ZU,-1.203645,1101,0.20009,0.001724,0.00135,64991,64,5000
240,10,1,ZW,-3.738872,1106,0.20009,0.001724,0.00135,64991,64,5000
240,10,1,ZZ,-2.932531,1106,0.20009,0.001724,0.00135,64991,64,5000
240,10,1,ZN,-3.841461,1102,0.20009,0.001724,0.00135,64991,64,5000
264,11,1,CC,-0.611011,1100,0.1901,0.001489,0.001186,71615,71,5000
264,11,1,DA,-3.04592,1100,0.1901,0.001489,0.001186,71615,71,5000
264,11,1,GI,-1.631573,1106,0.1901,0.001489,0.001186,71615,71,5000
264,11,1,JO,-2.361208,1100,0.1901,0.001489,0.001186,71615,71,5000
264,11,1,KC,-3.148244,1100,0.1901,0.001489,0.001186,71615,71,5000
264,11,1,KW,-2.446778,1106,0.1901,0.001489,0.001186,71615,71,5000
264,11,1,LB,-1.21375,1106,0.1901,0.001489,0.001186,71615,71,5000
264,11,1,NR,-0.754079,1106,0.1901,0.001489,0.001186,71615,71,5000
264,11,1,SB,-0.296201,1100,0.1901,0.001489,0.001186,71615,71,5000
264,11,1,ZC,-1.615989,1106,0.1901,0.001489,0.001186,71615,71,5000
264,11,1,ZF,-9.153097,1106,0.1901,0.001489,0.001186,71615,71,5000
264,11,1,ZG,0.784639,1105,0.1901,0.001489,0.001186,71615,71,5000
264,11,1,ZH,-0.60597,1103,0.1901,0.001489,0.001186,71615,71,5000
264,11,1,ZI,-3.092,1105,0.1901,0.001489,0.001186,71615,71,5000
264,11,1,ZK,-1.903658,1104,0.1901,0.001489,0.001186,71615,71,5000
264,11,1,ZL,-3.149582,1106,0.1901,0.001489,0.001186,71615,71,5000
264,11,1,ZO,2.623661,1105,0.1901,0.001489,0.001186,71615,71,5000
264,11,1,ZP,-2.308443,1105,0.1901,0.001489,0.001186,71615,71,5000
264,11,1,ZR,-5.259277,1106,0.1901,0.001489,0.001186,71615,71,5000
264,11,1,ZT,-3.832426,1106,0.1901,0.001489,0.001186,71615,71,5000
264,11,1,ZU,-1.309013,1101,0.1901,0.001489,0.001186,71615,71,5000
264,11,1,ZW,-4.755629,1106,0.1901,0.001489,0.001186,71615,71,5000
264,11,1,ZZ,-0.933676,1106,0.1901,0.001489,0.001186,71615,71,5000
264,11,1,ZN,-3.850639,1102,0.1901,0.001489,0.001186,71615,71,5000
288,12,1,CC,0.663679,1100,0.180109,0.001696,0.00246,78239,78,5000
288,12,1,DA,-2.204716,1100,0.180109,0.001696,0.00246,78239,78,5000
288,12,1,GI,-0.889477,1106,0.180109,0.001696,0.00246,78239,78,5000
288,12,1,JO,0.863717,1100,0.180109,0.001696,0.00246,78239,78,5000
288,12,1,KC,-0.280335,1100,0.180109,0.001696,0.00246,78239,78,5000
288,12,1,KW,-3.932818,1106,0.180109,0.001696,0.00246,78239,78,5000
288,12,1,LB,-1.317318,1106,0.180109,0.001696,0.00246,78239,78,5000
288,12,1,NR,1.205488,1106,0.180109,0.001696,0.00246,78239,78,5000
288,12,1,SB,0.022379,1100,0.180109,0.001696,0.00246,78239,78,5000
288,12,1,ZC,0.413069,1106,0.180109,0.001696,0.00246,78239,78,5000
288,12,1,ZF,-9.627784,1106,0.180109,0.001696,0.00246,78239,78,5000
288,12,1,ZG,-2.371052,1105,0.180109,0.001696,0.00246,78239,78,5000
288,12,1,ZH,1.063513,1103,0.180109,0.001696,0.00246,78239,78,5000
288,12,1,ZI,-2.38025,1105,0.180109,0.001696,0.00246,78239,78,5000
288,12,1,ZK,-2.995955,1104,0.180109,0.001696,0.00246,78239,78,5000
288,12,1,ZL,-3.34619,1106,0.180109,0.001696,0.00246,78239,78,5000
288,12,1,ZO,-0.357438,1105,0.180109,0.001696,0.00246,78239,78,5000
288,12,1,ZP,-0.933014,1105,0.180109,0.001696,0.00246,78239,78,5000
288,12,1,ZR,-5.075245,1106,0.180109,0.001696,0.00246,78239,78,5000
288,12,1,ZT,-5.918772,1106,0.180109,0.001696,0.00246,78239,78,5000
288,12,1,ZU,-1.232408,1101,0.180109,0.001696,0.00246,78239,78,5000
288,12,1,ZW,-3.112594,1106,0.180109,0.001696,0.00246,78239,78,5000
288,12,1,ZZ,-1.127709,1106,0.180109,0.001696,0.00246,78239,78,5000
288,12,1,ZN,-3.945805,1102,0.180109,0.001696,0.00246,78239,78,5000
312,13,1,CC,-2.852871,1100,0.170118,0.002143,0.001772,84863,84,5000
312,13,1,DA,-0.691723,1100,0.170118,0.002143,0.001772,84863,84,5000
312,13,1,GI,-0.865933,1106,0.170118,0.002143,0.001772,84863,84,5000
312,13,1,JO,-0.558894,1100,0.170118,0.002143,0.001772,84863,84,5000
312,13,1,KC,-2.864736,1100,0.170118,0.002143,0.001772,84863,84,5000
312,13,1,KW,-4.172353,1106,0.170118,0.002143,0.001772,84863,84,5000
312,13,1,LB,1.450089,1106,0.170118,0.002143,0.001772,84863,84,5000
312,13,1,NR,1.174763,1106,0.170118,0.002143,0.001772,84863,84,5000
312,13,1,SB,0.657363,1100,0.170118,0.002143,0.001772,84863,84,5000
312,13,1,ZC,0.35207,1106,0.170118,0.002143,0.001772,84863,84,5000
312,13,1,ZF,-8.300459,1106,0.170118,0.002143,0.001772,84863,84,5000
312,13,1,ZG,-2.802657,1105,0.170118,0.002143,0.001772,84863,84,5000
312,13,1,ZH,-0.029821,1103,0.170118,0.002143,0.001772,84863,84,5000
312,13,1,ZI,-1.384764,1105,0.170118,0.002143,0.001772,84863,84,5000
312,13,1,ZK,-3.823412,1104,0.170118,0.002143,0.001772,84863,84,5000
312,13,1,ZL,-1.9386,1106,0.170118,0.002143,0.001772,84863,84,5000
312,13,1,ZO,-1.562752,1105,0.170118,0.002143,0.001772,84863,84,5000
312,13,1,ZP,-2.769301,1105,0.170118,0.002143,0.001772,84863,84,5000
312,13,1,ZR,-2.855401,1106,0.170118,0.002143,0.001772,84863,84,5000
312,13,1,ZT,-6.459751,1106,0.170118,0.002143,0.001772,84863,84,5000
312,13,1,ZU,-0.854976,1101,0.170118,0.002143,0.001772,84863,84,5000
312,13,1,ZW,-2.143041,1106,0.170118,0.002143,0.001772,84863,84,5000
312,13,1,ZZ,-0.891457,1106,0.170118,0.002143,0.001772,84863,84,5000
312,13,1,ZN,-1.455806,1102,0.170118,0.002143,0.001772,84863,84,5000
336,14,1,CC,-1.496631,1100,0.160127,0.001967,0.001655,91487,91,5000
336,14,1,DA,-4.417339,1100,0.160127,0.001967,0.001655,91487,91,5000
336,14,1,GI,1.669433,1106,0.160127,0.001967,0.001655,91487,91,5000
336,14,1,JO,-0.323149,1100,0.160127,0.001967,0.001655,91487,91,5000
336,14,1,KC,-1.709661,1100,0.160127,0.001967,0.001655,91487,91,5000
336,14,1,KW,-4.067842,1106,0.160127,0.001967,0.001655,91487,91,5000
336,14,1,LB,2.025146,1106,0.160127,0.001967,0.001655,91487,91,5000
336,14,1,NR,0.882737,1106,0.160127,0.001967,0.001655,91487,91,5000
336,14,1,SB,-1.348035,1100,0.160127,0.001967,0.001655,91487,91,5000
336,14,1,ZC,0.271737,1106,0.160127,0.001967,0.001655,91487,91,5000
336,14,1,ZF,-8.612426,1106,0.160127,0.001967,0.001655,91487,91,5000
336,14,1,ZG,-0.319082,1105,0.160127,0.001967,0.001655,91487,91,5000
336,14,1,ZH,-0.694429,1103,0.160127,0.001967,0.001655,91487,91,5000
336,14,1,ZI,-1.97909,1105,0.160127,0.001967,0.001655,91487,91,5000
336,14,1,ZK,-4.170187,1104,0.160127,0.001967,0.001655,91487,91,5000
336,14,1,ZL,0.509871,1106,0.160127,0.001967,0.001655,91487,91,5000
336,14,1,ZO,1.788012,1105,0.160127,0.001967,0.001655,91487,91,5000
336,14,1,ZP,0.130409,1105,0.160127,0.001967,0.001655,91487,91,5000
336,14,1,ZR,-4.845925,1106,0.160127,0.001967,0.001655,91487,91,5000
336,14,1,ZT,-4.380733,1106,0.160127,0.001967,0.001655,91487,91,5000
336,14,1,ZU,-2.821282,1101,0.160127,0.001967,0.001655,91487,91,5000
336,14,1,ZW,-3.831452,1106,0.160127,0.001967,0.001655,91487,91,5000
336,14,1,ZZ,-0.469391,1106,0.160127,0.001967,0.001655,91487,91,5000
336,14,1,ZN,-4.281212,1102,0.160127,0.001967,0.001655,91487,91,5000
360,15,1,CC,0.629123,1100,0.150136,0.002039,0.000988,98111,98,5000
360,15,1,DA,-1.905794,1100,0.150136,0.002039,0.000988,98111,98,5000
360,15,1,GI,1.31093,1106,0.150136,0.002039,0.000988,98111,98,5000
360,15,1,JO,0.763082,1100,0.150136,0.002039,0.000988,98111,98,5000
360,15,1,KC,-2.4856,1100,0.150136,0.002039,0.000988,98111,98,5000
360,15,1,KW,-3.613596,1106,0.150136,0.002039,0.000988,98111,98,5000
360,15,1,LB,-0.666104,1106,0.150136,0.002039,0.000988,98111,98,5000
360,15,1,NR,1.843274,1106,0.150136,0.002039,0.000988,98111,98,5000
360,15,1,SB,-0.074299,1100,0.150136,0.002039,0.000988,98111,98,5000
360,15,1,ZC,0.054693,1106,0.150136,0.002039,0.000988,98111,98,5000
360,15,1,ZF,-6.110425,1106,0.150136,0.002039,0.000988,98111,98,5000
360,15,1,ZG,-0.090772,1105,0.150136,0.002039,0.000988,98111,98,5000
360,15,1,ZH,0.345935,1103,0.150136,0.002039,0.000988,98111,98,5000
360,15,1,ZI,-0.226336,1105,0.150136,0.002039,0.000988,98111,98,5000
360,15,1,ZK,-3.630068,1104,0.150136,0.002039,0.000988,98111,98,5000
360,15,1,ZL,-1.584469,1106,0.150136,0.002039,0.000988,98111,98,5000
360,15,1,ZO,1.373416,1105,0.150136,0.002039,0.000988,98111,98,5000
360,15,1,ZP,-0.908627,1105,0.150136,0.002039,0.000988,98111,98,5000
360,15,1,ZR,-3.161229,1106,0.150136,0.002039,0.000988,98111,98,5000
360,15,1,ZT,-5.233355,1106,0.150136,0.002039,0.000988,98111,98,5000
360,15,1,ZU,0.001311,1101,0.150136,0.002039,0.000988,98111,98,5000
360,15,1,ZW,-5.71347,1106,0.150136,0.002039,0.000988,98111,98,5000
360,15,1,ZZ,-1.539225,1106,0.150136,0.002039,0.000988,98111,98,5000
360,15,1,ZN,-4.27934,1102,0.150136,0.002039,0.000988,98111,98,5000
384,16,1,CC,-1.207993,1100,0.140145,0.001847,0.001608,104735,104,5000
384,16,1,DA,-0.015129,1100,0.140145,0.001847,0.001608,104735,104,5000
384,16,1,GI,1.59196,1106,0.140145,0.001847,0.001608,104735,104,5000
384,16,1,JO,2.852853,1100,0.140145,0.001847,0.001608,104735,104,5000
384,16,1,KC,-2.497756,1100,0.140145,0.001847,0.001608,104735,104,5000
384,16,1,KW,-1.960512,1106,0.140145,0.001847,0.001608,104735,104,5000
384,16,1,LB,0.195088,1106,0.140145,0.001847,0.001608,104735,104,5000
384,16,1,NR,2.015942,1106,0.140145,0.001847,0.001608,104735,104,5000
384,16,1,SB,-0.281213,1100,0.140145,0.001847,0.001608,104735,104,5000
384,16,1,ZC,1.042889,1106,0.140145,0.001847,0.001608,104735,104,5000
384,16,1,ZF,-7.538866,1106,0.140145,0.001847,0.001608,104735,104,5000
384,16,1,ZG,1.636871,1105,0.140145,0.001847,0.001608,104735,104,5000
384,16,1,ZH,-0.178517,1103,0.140145,0.001847,0.001608,104735,104,5000
384,16,1,ZI,-1.637215,1105,0.140145,0.001847,0.001608,104735,104,5000
384,16,1,ZK,0.50839,1104,0.140145,0.001847,0.001608,104735,104,5000
384,16,1,ZL,0.069083,1106,0.140145,0.001847,0.001608,104735,104,5000
384,16,1,ZO,-2.191552,1105,0.140145,0.001847,0.001608,104735,104,5000
384,16,1,ZP,0.750972,1105,0.140145,0.001847,0.001608,104735,104,5000
384,16,1,ZR,-0.584124,1106,0.140145,0.001847,0.001608,104735,104,5000
384,16,1,ZT,-3.559207,1106,0.140145,0.001847,0.001608,104735,104,5000
384,16,1,ZU,-1.00794,1101,0.140145,0.001847,0.001608,104735,104,5000
384,16,1,ZW,-2.179359,1106,0.140145,0.001847,0.001608,104735,104,5000
384,16,1,ZZ,-0.327653,1106,0.140145,0.001847,0.001608,104735,104,5000
384,16,1,ZN,-1.285564,1102,0.140145,0.001847,0.001608,104735,104,5000
408,17,1,CC,-1.258207,1100,0.130154,0.001738,0.002417,111359,111,5000
408,17,1,DA,-1.763335,1100,0.130154,0.001738,0.002417,111359,111,5000
408,17,1,GI,1.953604,1106,0.130154,0.001738,0.002417,111359,111,5000
408,17,1,JO,3.039567,1100,0.130154,0.001738,0.002417,111359,111,5000
408,17,1,KC,-1.550651,1100,0.130154,0.001738,0.002417,111359,111,5000
408,17,1,KW,-2.003271,1106,0.130154,0.001738,0.002417,111359,111,5000
408,17,1,LB,0.716758,1106,0.130154,0.001738,0.002417,111359,111,5000
408,17,1,NR,0.965489,1106,0.130154,0.001738,0.002417,111359,111,5000
408,17,1,SB,-0.731287,1100,0.130154,0.001738,0.002417,111359,111,5000
408,17,1,ZC,-0.499997,1106,0.130154,0.001738,0.002417,111359,111,5000
408,17,1,ZF,-4.097551,1106,0.130154,0.001738,0.002417,111359,111,5000
408,17,1,ZG,-1.445735,1105,0.130154,0.001738,0.002417,111359,111,5000
408,17,1,ZH,1.507631,1103,0.130154,0.001738,0.002417,111359,111,5000
408,17,1,ZI,-0.557144,1105,0.130154,0.001738,0.002417,111359,111,5000
408,17,1,ZK,-0.469618,1104,0.130154,0.001738,0.002417,111359,111,5000
408,17,1,ZL,-1.342864,1106,0.130154,0.001738,0.002417,111359,111,5000
408,17,1,ZO,2.972999,1105,0.130154,0.001738,0.002417,111359,111,5000
408,17,1,ZP,1.775945,1105,0.130154,0.001738,0.002417,111359,111,5000
408,17,1,ZR,-0.963225,1106,0.130154,0.001738,0.002417,111359,111,5000
408,17,1,ZT,-4.136305,1106,0.130154,0.001738,0.002417,111359,111,5000
408,17,1,ZU,1.77837,1101,0.130154,0.001738,0.002417,111359,111,5000
408,17,1,ZW,-3.32602,1106,0.130154,0.001738,0.002417,111359,111,5000
408,17,1,ZZ,-0.725875,1106,0.130154,0.001738,0.002417,111359,111,5000
408,17,1,ZN,-1.618737,1102,0.130154,0.001738,0.002417,111359,111,5000
432,18,1,CC,-0.277671,1100,0.120163,0.002152,0.002199,117983,117,5000
432,18,1,DA,-1.446083,1100,0.120163,0.002152,0.002199,117983,117,5000
432,18,1,GI,0.445296,1106,0.120163,0.002152,0.002199,117983,117,5000
432,18,1,JO,1.099994,1100,0.120163,0.002152,0.002199,117983,117,5000
432,18,1,KC,-2.449616,1100,0.120163,0.002152,0.002199,117983,117,5000
432,18,1,KW,-1.459434,1106,0.120163,0.002152,0.002199,117983,117,5000
432,18,1,LB,1.570098,1106,0.120163,0.002152,0.002199,117983,117,5000
432,18,1,NR,-0.025004,1106,0.120163,0.002152,0.002199,117983,117,5000
432,18,1,SB,1.907076,1100,0.120163,0.002152,0.002199,117983,117,5000
432,18,1,ZC,-1.146538,1106,0.120163,0.002152,0.002199,117983,117,5000
432,18,1,ZF,-5.558172,1106,0.120163,0.002152,0.002199,117983,117,5000
432,18,1,ZG,-0.874323,1105,0.120163,0.002152,0.002199,117983,117,5000
432,18,1,ZH,2.457084,1103,0.120163,0.002152,0.002199,117983,117,5000
432,18,1,ZI,-3.250647,1105,0.120163,0.002152,0.002199,117983,117,5000
432,18,1,ZK,-2.067032,1104,0.120163,0.002152,0.002199,117983,117,5000
432,18,1,ZL,-2.730777,1106,0.120163,0.002152,0.002199,117983,117,5000
432,18,1,ZO,0.768795,1105,0.120163,0.002152,0.002199,117983,117,5000
432,18,1,ZP,-1.554341,1105,0.120163,0.002152,0.002199,117983,117,5000
432,18,1,ZR,-3.002583,1106,0.120163,0.002152,0.002199,117983,117,5000
432,18,1,ZT,-3.915457,1106,0.120163,0.002152,0.002199,117983,117,5000
432,18,1,ZU,-0.157502,1101,0.120163,0.002152,0.002199,117983,117,5000
432,18,1,ZW,-2.807885,1106,0.120163,0.002152,0.002199,117983,117,5000
432,18,1,ZZ,-1.443426,1106,0.120163,0.002152,0.002199,117983,117,5000
432,18,1,ZN,-1.451391,1102,0.120163,0.002152,0.002199,117983,117,5000
456,19,1,CC,-0.411537,1100,0.110172,0.001549,0.000827,124607,124,5000
456,19,1,DA,1.01098,1100,0.110172,0.001549,0.000827,124607,124,5000
456,19,1,GI,0.007479,1106,0.110172,0.001549,0.000827,124607,124,5000
456,19,1,JO,1.186418,1100,0.110172,0.001549,0.000827,124607,124,5000
456,19,1,KC,-0.60581,1100,0.110172,0.001549,0.000827,124607,124,5000
456,19,1,KW,-1.224547,1106,0.110172,0.001549,0.000827,124607,124,5000
456,19,1,LB,4.976993,1106,0.110172,0.001549,0.000827,124607,124,5000
456,19,1,NR,1.469912,1106,0.110172,0.001549,0.000827,124607,124,5000
456,19,1,SB,2.467924,1100,0.110172,0.001549,0.000827,124607,124,5000
456,19,1,ZC,-0.476158,1106,0.110172,0.001549,0.000827,124607,124,5000
456,19,1,ZF,-5.506884,1106,0.110172,0.001549,0.000827,124607,124,5000
456,19,1,ZG,-0.595344,1105,0.110172,0.001549,0.000827,124607,124,5000
456,19,1,ZH,1.503148,1103,0.110172,0.001549,0.000827,124607,124,5000
456,19,1,ZI,-0.91295,1105,0.110172,0.001549,0.000827,124607,124,5000
456,19,1,ZK,-0.221664,1104,0.110172,0.001549,0.000827,124607,124,5000
456,19,1,ZL,-2.109479,1106,0.110172,0.001549,0.000827,124607,124,5000
456,19,1,ZO,0.586897,1105,0.110172,0.001549,0.000827,124607,124,5000
456,19,1,ZP,0.113372,1105,0.110172,0.001549,0.000827,124607,124,5000
456,19,1,ZR,0.170603,1106,0.110172,0.001549,0.000827,124607,124,5000
456,19,1,ZT,-5.652949,1106,0.110172,0.001549,0.000827,124607,124,5000
456,19,1,ZU,-0.59662,1101,0.110172,0.001549,0.000827,124607,124,5000
456,19,1,ZW,-3.294517,1106,0.110172,0.001549,0.000827,124607,124,5000
456,19,1,ZZ,0.640733,1106,0.110172,0.001549,0.000827,124607,124,5000
456,19,1,ZN,-0.871118,1102,0.110172,0.001549,0.000827,124607,124,5000
480,20,1,CC,0.914264,1100,0.100181,0.001647,0.001334,131231,131,5000
480,20,1,DA,0.52175,1100,0.100181,0.001647,0.001334,131231,131,5000
480,20,1,GI,2.451676,1106,0.100181,0.001647,0.001334,131231,131,5000
480,20,1,JO,1.208313,1100,0.100181,0.001647,0.001334,131231,131,5000
480,20,1,KC,0.192712,1100,0.100181,0.001647,0.001334,131231,131,5000
480,20,1,KW,-1.506458,1106,0.100181,0.001647,0.001334,131231,131,5000
480,20,1,LB,2.80672,1106,0.100181,0.001647,0.001334,131231,131,5000
480,20,1,NR,0.307721,1106,0.100181,0.001647,0.001334,131231,131,5000
480,20,1,SB,3.350481,1100,0.100181,0.001647,0.001334,131231,131,5000
480,20,1,ZC,1.929314,1106,0.100181,0.001647,0.001334,131231,131,5000
480,20,1,ZF,-5.185885,1106,0.100181,0.001647,0.001334,131231,131,5000
480,20,1,ZG,0.466307,1105,0.100181,0.001647,0.001334,131231,131,5000
480,20,1,ZH,2.840929,1103,0.100181,0.001647,0.001334,131231,131,5000
480,20,1,ZI,-1.548227,1105,0.100181,0.001647,0.001334,131231,131,5000
480,20,1,ZK,-0.700152,1104,0.100181,0.001647,0.001334,131231,131,5000
480,20,1,ZL,2.45752,1106,0.100181,0.001647,0.001334,131231,131,5000
480,20,1,ZO,3.649058,1105,0.100181,0.001647,0.001334,131231,131,5000
480,20,1,ZP,1.440059,1105,0.100181,0.001647,0.001334,131231,131,5000
480,20,1,ZR,-0.995998,1106,0.100181,0.001647,0.001334,131231,131,5000
480,20,1,ZT,-3.732277,1106,0.100181,0.001647,0.001334,131231,131,5000
480,20,1,ZU,1.183415,1101,0.100181,0.001647,0.001334,131231,131,5000
480,20,1,ZW,-1.775528,1106,0.100181,0.001647,0.001334,131231,131,5000
480,20,1,ZZ,0.552165,1106,0.100181,0.001647,0.001334,131231,131,5000
480,20,1,ZN,-0.890792,1102,0.100181,0.001647,0.001334,131231,131,5000
504,21,1,CC,-0.233969,1100,0.097711,0.001851,0.001036,137855,137,5000
504,21,1,DA,-0.309891,1100,0.097711,0.001851,0.001036,137855,137,5000
504,21,1,GI,2.753866,1106,0.097711,0.001851,0.001036,137855,137,5000
504,21,1,JO,-0.005146,1100,0.097711,0.001851,0.001036,137855,137,5000
504,21,1,KC,-0.194471,1100,0.097711,0.001851,0.001036,137855,137,5000
504,21,1,KW,-0.420681,1106,0.097711,0.001851,0.001036,137855,137,5000
504,21,1,LB,3.709289,1106,0.097711,0.001851,0.001036,137855,137,5000
504,21,1,NR,2.809693,1106,0.097711,0.001851,0.001036,137855,137,5000
504,21,1,SB,-0.469682,1100,0.097711,0.001851,0.001036,137855,137,5000
504,21,1,ZC,1.21,1106,0.097711,0.001851,0.001036,137855,137,5000
504,21,1,ZF,-5.65386,1106,0.097711,0.001851,0.001036,137855,137,5000
504,21,1,ZG,-0.867179,1105,0.097711,0.001851,0.001036,137855,137,5000
504,21,1,ZH,4.471573,1103,0.097711,0.001851,0.001036,137855,137,5000
504,21,1,ZI,-2.877071,1105,0.097711,0.001851,0.001036,137855,137,5000
504,21,1,ZK,1.023403,1104,0.097711,0.001851,0.001036,137855,137,5000
504,21,1,ZL,2.346102,1106,0.097711,0.001851,0.001036,137855,137,5000
504,21,1,ZO,2.156255,1105,0.097711,0.001851,0.001036,137855,137,5000
504,21,1,ZP,1.223262,1105,0.097711,0.001851,0.001036,137855,137,5000
504,21,1,ZR,-0.809296,1106,0.097711,0.001851,0.001036,137855,137,5000
504,21,1,ZT,-5.188242,1106,0.097711,0.001851,0.001036,137855,137,5000
504,21,1,ZU,0.532733,1101,0.097711,0.001851,0.001036,137855,137,5000
504,21,1,ZW,-0.664045,1106,0.097711,0.001851,0.001036,137855,137,5000
504,21,1,ZZ,0.434369,1106,0.097711,0.001851,0.001036,137855,137,5000
504,21,1,ZN,-1.968625,1102,0.097711,0.001851,0.001036,137855,137,5000
528,22,1,CC,0.557519,1100,0.09538,0.001418,0.002029,144479,144,5000
528,22,1,DA,0.990026,1100,0.09538,0.001418,0.002029,144479,144,5000
528,22,1,GI,2.190481,1106,0.09538,0.001418,0.002029,144479,144,5000
528,22,1,JO,0.820961,1100,0.09538,0.001418,0.002029,144479,144,5000
528,22,1,KC,-0.450999,1100,0.09538,0.001418,0.002029,144479,144,5000
528,22,1,KW,0.208629,1106,0.09538,0.001418,0.002029,144479,144,5000
528,22,1,LB,2.787636,1106,0.09538,0.001418,0.002029,144479,144,5000
528,22,1,NR,1.777074,1106,0.09538,0.001418,0.002029,144479,144,5000
528,22,1,SB,3.028998,1100,0.09538,0.001418,0.002029,144479,144,5000
528,22,1,ZC,0.700378,1106,0.09538,0.001418,0.002029,144479,144,5000
528,22,1,ZF,-4.400645,1106,0.09538,0.001418,0.002029,144479,144,5000
528,22,1,ZG,0.426925,1105,0.09538,0.001418,0.002029,144479,144,5000
528,22,1,ZH,4.283656,1103,0.09538,0.001418,0.002029,144479,144,5000
528,22,1,ZI,-2.116495,1105,0.09538,0.001418,0.002029,144479,144,5000
528,22,1,ZK,0.097979,1104,0.09538,0.001418,0.002029,144479,144,5000
528,22,1,ZL,2.364302,1106,0.09538,0.001418,0.002029,144479,144,5000
528,22,1,ZO,3.826465,1105,0.09538,0.001418,0.002029,144479,144,5000
528,22,1,ZP,3.429565,1105,0.09538,0.001418,0.002029,144479,144,5000
528,22,1,ZR,-2.605777,1106,0.09538,0.001418,0.002029,144479,144,5000
528,22,1,ZT,-2.368334,1106,0.09538,0.001418,0.002029,144479,144,5000
528,22,1,ZU,0.229894,1101,0.09538,0.001418,0.002029,144479,144,5000
528,22,1,ZW,-2.068019,1106,0.09538,0.001418,0.002029,144479,144,5000
528,22,1,ZZ,-0.058787,1106,0.09538,0.001418,0.002029,144479,144,5000
528,22,1,ZN,-1.354146,1102,0.09538,0.001418,0.002029,144479,144,5000
552,23,1,CC,0.360436,1100,0.093049,0.001789,0.00132,151103,151,5000
552,23,1,DA,4.758036,1100,0.093049,0.001789,0.00132,151103,151,5000
552,23,1,GI,3.565693,1106,0.093049,0.001789,0.00132,151103,151,5000
552,23,1,JO,0.358225,1100,0.093049,0.001789,0.00132,151103,151,5000
552,23,1,KC,0.676632,1100,0.093049,0.001789,0.00132,151103,151,5000
552,23,1,KW,-0.572616,1106,0.093049,0.001789,0.00132,151103,151,5000
552,23,1,LB,4.081944,1106,0.093049,0.001789,0.00132,151103,151,5000
552,23,1,NR,2.540664,1106,0.093049,0.001789,0.00132,151103,151,5000
552,23,1,SB,1.51317,1100,0.093049,0.001789,0.00132,151103,151,5000
552,23,1,ZC,3.116447,1106,0.093049,0.001789,0.00132,151103,151,5000
552,23,1,ZF,-5.420424,1106,0.093049,0.001789,0.00132,151103,151,5000
552,23,1,ZG,0.911955,1105,0.093049,0.001789,0.00132,151103,151,5000
552,23,1,ZH,4.357095,1103,0.093049,0.001789,0.00132,151103,151,5000
552,23,1,ZI,-3.208907,1105,0.093049,0.001789,0.00132,151103,151,5000
552,23,1,ZK,-1.279081,1104,0.093049,0.001789,0.00132,151103,151,5000
552,23,1,ZL,2.904927,1106,0.093049,0.001789,0.00132,151103,151,5000
552,23,1,ZO,3.873979,1105,0.093049,0.001789,0.00132,151103,151,5000
552,23,1,ZP,0.675231,1105,0.093049,0.001789,0.00132,151103,151,5000
552,23,1,ZR,-1.623829,1106,0.093049,0.001789,0.00132,151103,151,5000
552,23,1,ZT,-2.342491,1106,0.093049,0.001789,0.00132,151103,151,5000
552,23,1,ZU,2.036258,1101,0.093049,0.001789,0.00132,151103,151,5000
552,23,1,ZW,-1.856716,1106,0.093049,0.001789,0.00132,151103,151,5000
552,23,1,ZZ,-1.437904,1106,0.093049,0.001789,0.00132,151103,151,5000
552,23,1,ZN,-1.884922,1102,0.093049,0.001789,0.00132,151103,151,5000
576,24,1,CC,0.151039,1100,0.090717,0.001821,0.002545,157727,157,5000
576,24,1,DA,3.976984,1100,0.090717,0.001821,0.002545,157727,157,5000
576,24,1,GI,3.704165,1106,0.090717,0.001821,0.002545,157727,157,5000
576,24,1,JO,3.731082,1100,0.090717,0.001821,0.002545,157727,157,5000
576,24,1,KC,2.90341,1100,0.090717,0.001821,0.002545,157727,157,5000
576,24,1,KW,-1.920699,1106,0.090717,0.001821,0.002545,157727,157,5000
576,24,1,LB,5.454748,1106,0.090717,0.001821,0.002545,157727,157,5000
576,24,1,NR,3.990775,1106,0.090717,0.001821,0.002545,157727,157,5000
576,24,1,SB,3.4087,1100,0.090717,0.001821,0.002545,157727,157,5000
576,24,1,ZC,3.439452,1106,0.090717,0.001821,0.002545,157727,157,5000
576,24,1,ZF,-3.904329,1106,0.090717,0.001821,0.002545,157727,157,5000
576,24,1,ZG,0.351964,1105,0.090717,0.001821,0.002545,157727,157,5000
576,24,1,ZH,3.720623,1103,0.090717,0.001821,0.002545,157727,157,5000
576,24,1,ZI,-0.902741,1105,0.090717,0.001821,0.002545,157727,157,5000
576,24,1,ZK,2.664461,1104,0.090717,0.001821,0.002545,157727,157,5000
576,24,1,ZL,2.058277,1106,0.090717,0.001821,0.002545,157727,157,5000
576,24,1,ZO,3.985384,1105,0.090717,0.001821,0.002545,157727,157,5000
576,24,1,ZP,2.502715,1105,0.090717,0.001821,0.002545,157727,157,5000
576,24,1,ZR,-1.102382,1106,0.090717,0.001821,0.002545,157727,157,5000
576,24,1,ZT,-3.261991,1106,0.090717,0.001821,0.002545,157727,157,5000
576,24,1,ZU,0.997916,1101,0.090717,0.001821,0.002545,157727,157,5000
576,24,1,ZW,-1.196105,1106,0.090717,0.001821,0.002545,157727,157,5000
576,24,1,ZZ,-0.558288,1106,0.090717,0.001821,0.002545,157727,157,5000
576,24,1,ZN,-1.081917,1102,0.090717,0.001821,0.002545,157727,157,5000
600,25,1,CC,0.668219,1100,0.088386,0.002811,0.003502,164351,164,5000
600,25,1,DA,2.484201,1100,0.088386,0.002811,0.003502,164351,164,5000
600,25,1,GI,3.720229,1106,0.088386,0.002811,0.003502,164351,164,5000
600,25,1,JO,1.668313,1100,0.088386,0.002811,0.003502,164351,164,5000
600,25,1,KC,3.242123,1100,0.088386,0.002811,0.003502,164351,164,5000
600,25,1,KW,-1.695975,1106,0.088386,0.002811,0.003502,164351,164,5000
600,25,1,LB,6.102551,1106,0.088386,0.002811,0.003502,164351,164,5000
600,25,1,NR,5.124941,1106,0.088386,0.002811,0.003502,164351,164,5000
600,25,1,SB,5.242423,1100,0.088386,0.002811,0.003502,164351,164,5000
600,25,1,ZC,2.0511,1106,0.088386,0.002811,0.003502,164351,164,5000
600,25,1,ZF,-5.170696,1106,0.088386,0.002811,0.003502,164351,164,5000
600,25,1,ZG,-1.643537,1105,0.088386,0.002811,0.003502,164351,164,5000
600,25,1,ZH,3.314505,1103,0.088386,0.002811,0.003502,164351,164,5000
600,25,1,ZI,0.911285,1105,0.088386,0.002811,0.003502,164351,164,5000
600,25,1,ZK,2.893931,1104,0.088386,0.002811,0.003502,164351,164,5000
600,25,1,ZL,4.015163,1106,0.088386,0.002811,0.003502,164351,164,5000
600,25,1,ZO,1.113946,1105,0.088386,0.002811,0.003502,164351,164,5000
600,25,1,ZP,0.104622,1105,0.088386,0.002811,0.003502,164351,164,5000
600,25,1,ZR,-1.211378,1106,0.088386,0.002811,0.003502,164351,164,5000
600,25,1,ZT,-2.627894,1106,0.088386,0.002811,0.003502,164351,164,5000
600,25,1,ZU,2.760495,1101,0.088386,0.002811,0.003502,164351,164,5000
600,25,1,ZW,-0.880977,1106,0.088386,0.002811,0.003502,164351,164,5000
600,25,1,ZZ,4.20641,1106,0.088386,0.002811,0.003502,164351,164,5000
600,25,1,ZN,0.312504,1102,0.088386,0.002811,0.003502,164351,164,5000
624,26,1,CC,-0.105053,1100,0.086055,0.002769,0.002278,170975,170,5000
624,26,1,DA,5.496337,1100,0.086055,0.002769,0.002278,170975,170,5000
624,26,1,GI,5.139865,1106,0.086055,0.002769,0.002278,170975,170,5000
624,26,1,JO,2.439722,1100,0.086055,0.002769,0.002278,170975,170,5000
624,26,1,KC,1.024753,1100,0.086055,0.002769,0.002278,170975,170,5000
624,26,1,KW,-2.008444,1106,0.086055,0.002769,0.002278,170975,170,5000
624,26,1,LB,7.051972,1106,0.086055,0.002769,0.002278,170975,170,5000
624,26,1,NR,3.875761,1106,0.086055,0.002769,0.002278,170975,170,5000
624,26,1,SB,5.13326,1100,0.086055,0.002769,0.002278,170975,170,5000
624,26,1,ZC,3.326442,1106,0.086055,0.002769,0.002278,170975,170,5000
624,26,1,ZF,-4.519698,1106,0.086055,0.002769,0.002278,170975,170,5000
624,26,1,ZG,1.059946,1105,0.086055,0.002769,0.002278,170975,170,5000
624,26,1,ZH,2.747703,1103,0.086055,0.002769,0.002278,170975,170,5000
624,26,1,ZI,-0.051664,1105,0.086055,0.002769,0.002278,170975,170,5000
624,26,1,ZK,4.045856,1104,0.086055,0.002769,0.002278,170975,170,5000
624,26,1,ZL,1.500234,1106,0.086055,0.002769,0.002278,170975,170,5000
624,26,1,ZO,5.618262,1105,0.086055,0.002769,0.002278,170975,170,5000
624,26,1,ZP,1.13312,1105,0.086055,0.002769,0.002278,170975,170,5000
624,26,1,ZR,0.918179,1106,0.086055,0.002769,0.002278,170975,170,5000
624,26,1,ZT,-4.48468,1106,0.086055,0.002769,0.002278,170975,170,5000
624,26,1,ZU,3.135622,1101,0.086055,0.002769,0.002278,170975,170,5000
624,26,1,ZW,-1.53702,1106,0.086055,0.002769,0.002278,170975,170,5000
624,26,1,ZZ,2.482175,1106,0.086055,0.002769,0.002278,170975,170,5000
624,26,1,ZN,-0.670582,1102,0.086055,0.002769,0.002278,170975,170,5000
648,27,1,CC,0.157677,1100,0.083724,0.002504,0.002225,177599,177,5000
648,27,1,DA,5.483517,1100,0.083724,0.002504,0.002225,177599,177,5000
648,27,1,GI,3.454648,1106,0.083724,0.002504,0.002225,177599,177,5000
648,27,1,JO,3.750743,1100,0.083724,0.002504,0.002225,177599,177,5000
648,27,1,KC,4.083017,1100,0.083724,0.002504,0.002225,177599,177,5000
648,27,1,KW,-0.101525,1106,0.083724,0.002504,0.002225,177599,177,5000
648,27,1,LB,7.445172,1106,0.083724,0.002504,0.002225,177599,177,5000
648,27,1,NR,4.501272,1106,0.083724,0.002504,0.002225,177599,177,5000
648,27,1,SB,3.906716,1100,0.083724,0.002504,0.002225,177599,177,5000
648,27,1,ZC,5.929796,1106,0.083724,0.002504,0.002225,177599,177,5000
648,27,1,ZF,-4.484039,1106,0.083724,0.002504,0.002225,177599,177,5000
648,27,1,ZG,0.114983,1105,0.083724,0.002504,0.002225,177599,177,5000
648,27,1,ZH,3.955271,1103,0.083724,0.002504,0.002225,177599,177,5000
648,27,1,ZI,0.026226,1105,0.083724,0.002504,0.002225,177599,177,5000
648,27,1,ZK,1.805313,1104,0.083724,0.002504,0.002225,177599,177,5000
648,27,1,ZL,4.928759,1106,0.083724,0.002504,0.002225,177599,177,5000
648,27,1,ZO,4.672294,1105,0.083724,0.002504,0.002225,177599,177,5000
648,27,1,ZP,3.536021,1105,0.083724,0.002504,0.002225,177599,177,5000
648,27,1,ZR,-0.64833,1106,0.083724,0.002504,0.002225,177599,177,5000
648,27,1,ZT,-2.477408,1106,0.083724,0.002504,0.002225,177599,177,5000
648,27,1,ZU,3.129302,1101,0.083724,0.002504,0.002225,177599,177,5000
648,27,1,ZW,-1.217292,1106,0.083724,0.002504,0.002225,177599,177,5000
648,27,1,ZZ,4.213341,1106,0.083724,0.002504,0.002225,177599,177,5000
648,27,1,ZN,-1.062258,1102,0.083724,0.002504,0.002225,177599,177,5000
672,28,1,CC,-0.930087,1100,0.081392,0.002561,0.002463,184223,184,5000
672,28,1,DA,4.674228,1100,0.081392,0.002561,0.002463,184223,184,5000
672,28,1,GI,4.739391,1106,0.081392,0.002561,0.002463,184223,184,5000
672,28,1,JO,2.967395,1100,0.081392,0.002561,0.002463,184223,184,5000
672,28,1,KC,5.309081,1100,0.081392,0.002561,0.002463,184223,184,5000
672,28,1,KW,-0.909983,1106,0.081392,0.002561,0.002463,184223,184,5000
672,28,1,LB,7.089855,1106,0.081392,0.002561,0.002463,184223,184,5000
672,28,1,NR,6.75183,1106,0.081392,0.002561,0.002463,184223,184,5000
672,28,1,SB,3.584115,1100,0.081392,0.002561,0.002463,184223,184,5000
672,28,1,ZC,4.739286,1106,0.081392,0.002561,0.002463,184223,184,5000
672,28,1,ZF,-3.22354,1106,0.081392,0.002561,0.002463,184223,184,5000
672,28,1,ZG,1.594062,1105,0.081392,0.002561,0.002463,184223,184,5000
672,28,1,ZH,5.662806,1103,0.081392,0.002561,0.002463,184223,184,5000
672,28,1,ZI,1.666177,1105,0.081392,0.002561,0.002463,184223,184,5000
672,28,1,ZK,3.574894,1104,0.081392,0.002561,0.002463,184223,184,5000
672,28,1,ZL,1.865611,1106,0.081392,0.002561,0.002463,184223,184,5000
672,28,1,ZO,6.58266,1105,0.081392,0.002561,0.002463,184223,184,5000
672,28,1,ZP,4.623682,1105,0.081392,0.002561,0.002463,184223,184,5000
672,28,1,ZR,-1.882243,1106,0.081392,0.002561,0.002463,184223,184,5000
672,28,1,ZT,-5.135502,1106,0.081392,0.002561,0.002463,184223,184,5000
672,28,1,ZU,2.976689,1101,0.081392,0.002561,0.002463,184223,184,5000
672,28,1,ZW,-1.22853,1106,0.081392,0.002561,0.002463,184223,184,5000
672,28,1,ZZ,2.470577,1106,0.081392,0.002561,0.002463,184223,184,5000
672,28,1,ZN,-1.028382,1102,0.081392,0.002561,0.002463,184223,184,5000
696,29,1,CC,2.021635,1100,0.079061,0.00235,0.002144,190847,190,5000
696,29,1,DA,4.589154,1100,0.079061,0.00235,0.002144,190847,190,5000
696,29,1,GI,5.918164,1106,0.079061,0.00235,0.002144,190847,190,5000
696,29,1,JO,5.334364,1100,0.079061,0.00235,0.002144,190847,190,5000
696,29,1,KC,2.073547,1100,0.079061,0.00235,0.002144,190847,190,5000
696,29,1,KW,-1.102197,1106,0.079061,0.00235,0.002144,190847,190,5000
696,29,1,LB,7.65749,1106,0.079061,0.00235,0.002144,190847,190,5000
696,29,1,NR,3.901843,1106,0.079061,0.00235,0.002144,190847,190,5000
696,29,1,SB,4.943685,1100,0.079061,0.00235,0.002144,190847,190,5000
696,29,1,ZC,8.904357,1106,0.079061,0.00235,0.002144,190847,190,5000
696,29,1,ZF,-3.913381,1106,0.079061,0.00235,0.002144,190847,190,5000
696,29,1,ZG,3.416337,1105,0.079061,0.00235,0.002144,190847,190,5000
696,29,1,ZH,6.949172,1103,0.079061,0.00235,0.002144,190847,190,5000
696,29,1,ZI,0.564656,1105,0.079061,0.00235,0.002144,190847,190,5000
696,29,1,ZK,4.547439,1104,0.079061,0.00235,0.002144,190847,190,5000
696,29,1,ZL,3.985971,1106,0.079061,0.00235,0.002144,190847,190,5000
696,29,1,ZO,8.058395,1105,0.079061,0.00235,0.002144,190847,190,5000
696,29,1,ZP,3.419008,1105,0.079061,0.00235,0.002144,190847,190,5000
696,29,1,ZR,-1.360726,1106,0.079061,0.00235,0.002144,190847,190,5000
696,29,1,ZT,-2.72458,1106,0.079061,0.00235,0.002144,190847,190,5000
696,29,1,ZU,3.166486,1101,0.079061,0.00235,0.002144,190847,190,5000
696,29,1,ZW,-1.513098,1106,0.079061,0.00235,0.002144,190847,190,5000
696,29,1,ZZ,1.77815,1106,0.079061,0.00235,0.002144,190847,190,5000
696,29,1,ZN,-0.614781,1102,0.079061,0.00235,0.002144,190847,190,5000
720,30,1,CC,1.238981,1100,0.07673,0.002673,0.001835,197471,197,5000
720,30,1,DA,6.288348,1100,0.07673,0.002673,0.001835,197471,197,5000
720,30,1,GI,4.381485,1106,0.07673,0.002673,0.001835,197471,197,5000
720,30,1,JO,6.07038,1100,0.07673,0.002673,0.001835,197471,197,5000
720,30,1,KC,4.048399,1100,0.07673,0.002673,0.001835,197471,197,5000
720,30,1,KW,0.48989,1106,0.07673,0.002673,0.001835,197471,197,5000
720,30,1,LB,7.879982,1106,0.07673,0.002673,0.001835,197471,197,5000
720,30,1,NR,5.558874,1106,0.07673,0.002673,0.001835,197471,197,5000
720,30,1,SB,4.273985,1100,0.07673,0.002673,0.001835,197471,197,5000
720,30,1,ZC,8.498845,1106,0.07673,0.002673,0.001835,197471,197,5000
720,30,1,ZF,-5.603591,1106,0.07673,0.002673,0.001835,197471,197,5000
720,30,1,ZG,1.707048,1105,0.07673,0.002673,0.001835,197471,197,5000
720,30,1,ZH,5.532625,1103,0.07673,0.002673,0.001835,197471,197,5000
720,30,1,ZI,2.240396,1105,0.07673,0.002673,0.001835,197471,197,5000
720,30,1,ZK,2.621592,1104,0.07673,0.002673,0.001835,197471,197,5000
720,30,1,ZL,6.257273,1106,0.07673,0.002673,0.001835,197471,197,5000
720,30,1,ZO,6.190208,1105,0.07673,0.002673,0.001835,197471,197,5000
720,30,1,ZP,3.69227,1105,0.07673,0.002673,0.001835,197471,197,5000
720,30,1,ZR,-2.150527,1106,0.07673,0.002673,0.001835,197471,197,5000
720,30,1,ZT,-5.736203,1106,0.07673,0.002673,0.001835,197471,197,5000
720,30,1,ZU,4.284897,1101,0.07673,0.002673,0.001835,197471,197,5000
720,30,1,ZW,-1.748035,1106,0.07673,0.002673,0.001835,197471,197,5000
720,30,1,ZZ,3.038645,1106,0.07673,0.002673,0.001835,197471,197,5000
720,30,1,ZN,0.136332,1102,0.07673,0.002673,0.001835,197471,197,5000
744,31,1,CC,0.239519,1100,0.074399,0.002301,0.002967,204095,204,5000
744,31,1,DA,4.036175,1100,0.074399,0.002301,0.002967,204095,204,5000
744,31,1,GI,4.461398,1106,0.074399,0.002301,0.002967,204095,204,5000
744,31,1,JO,7.051427,1100,0.074399,0.002301,0.002967,204095,204,5000
744,31,1,KC,3.453172,1100,0.074399,0.002301,0.002967,204095,204,5000
744,31,1,KW,-0.039298,1106,0.074399,0.002301,0.002967,204095,204,5000
744,31,1,LB,7.254133,1106,0.074399,0.002301,0.002967,204095,204,5000
744,31,1,NR,5.69709,1106,0.074399,0.002301,0.002967,204095,204,5000
744,31,1,SB,4.761418,1100,0.074399,0.002301,0.002967,204095,204,5000
744,31,1,ZC,8.341345,1106,0.074399,0.002301,0.002967,204095,204,5000
744,31,1,ZF,-3.456121,1106,0.074399,0.002301,0.002967,204095,204,5000
744,31,1,ZG,3.265155,1105,0.074399,0.002301,0.002967,204095,204,5000
744,31,1,ZH,6.685224,1103,0.074399,0.002301,0.002967,204095,204,5000
744,31,1,ZI,3.16955,1105,0.074399,0.002301,0.002967,204095,204,5000
744,31,1,ZK,5.132559,1104,0.074399,0.002301,0.002967,204095,204,5000
744,31,1,ZL,5.13456,1106,0.074399,0.002301,0.002967,204095,204,5000
744,31,1,ZO,7.344093,1105,0.074399,0.002301,0.002967,204095,204,5000
744,31,1,ZP,6.916667,1105,0.074399,0.002301,0.002967,204095,204,5000
744,31,1,ZR,-0.983058,1106,0.074399,0.002301,0.002967,204095,204,5000
744,31,1,ZT,-2.899865,1106,0.074399,0.002301,0.002967,204095,204,5000
744,31,1,ZU,3.225005,1101,0.074399,0.002301,0.002967,204095,204,5000
744,31,1,ZW,-1.407885,1106,0.074399,0.002301,0.002967,204095,204,5000
744,31,1,ZZ,1.356289,1106,0.074399,0.002301,0.002967,204095,204,5000
744,31,1,ZN,0.286346,1102,0.074399,0.002301,0.002967,204095,204,5000
768,32,1,CC,2.516574,1100,0.072068,0.002335,0.002804,210719,210,5000
768,32,1,DA,5.394923,1100,0.072068,0.002335,0.002804,210719,210,5000
768,32,1,GI,4.605269,1106,0.072068,0.002335,0.002804,210719,210,5000
768,32,1,JO,9.01022,1100,0.072068,0.002335,0.002804,210719,210,5000
768,32,1,KC,5.573893,1100,0.072068,0.002335,0.002804,210719,210,5000
768,32,1,KW,1.772373,1106,0.072068,0.002335,0.002804,210719,210,5000
768,32,1,LB,8.593659,1106,0.072068,0.002335,0.002804,210719,210,5000
768,32,1,NR,6.271599,1106,0.072068,0.002335,0.002804,210719,210,5000
768,32,1,SB,7.069245,1100,0.072068,0.002335,0.002804,210719,210,5000
768,32,1,ZC,9.12157,1106,0.072068,0.002335,0.002804,210719,210,5000
768,32,1,ZF,-5.115871,1106,0.072068,0.002335,0.002804,210719,210,5000
768,32,1,ZG,4.36484,1105,0.072068,0.002335,0.002804,210719,210,5000
768,32,1,ZH,6.203094,1103,0.072068,0.002335,0.002804,210719,210,5000
768,32,1,ZI,3.055512,1105,0.072068,0.002335,0.002804,210719,210,5000
768,32,1,ZK,5.827446,1104,0.072068,0.002335,0.002804,210719,210,5000
768,32,1,ZL,6.842284,1106,0.072068,0.002335,0.002804,210719,210,5000
768,32,1,ZO,7.555862,1105,0.072068,0.002335,0.002804,210719,210,5000
768,32,1,ZP,5.356028,1105,0.072068,0.002335,0.002804,210719,210,5000
768,32,1,ZR,0.213571,1106,0.072068,0.002335,0.002804,210719,210,5000
768,32,1,ZT,-2.487725,1106,0.072068,0.002335,0.002804,210719,210,5000
768,32,1,ZU,3.83972,1101,0.072068,0.002335,0.002804,210719,210,5000
768,32,1,ZW,-0.739229,1106,0.072068,0.002335,0.002804,210719,210,5000
768,32,1,ZZ,3.112798,1106,0.072068,0.002335,0.002804,210719,210,5000
768,32,1,ZN,0.104131,1102,0.072068,0.002335,0.002804,210719,210,5000
792,33,1,CC,1.931016,1100,0.069736,0.002508,0.003271,217343,217,5000
792,33,1,DA,8.62209,1100,0.069736,0.002508,0.003271,217343,217,5000
792,33,1,GI,5.543195,1106,0.069736,0.002508,0.003271,217343,217,5000
792,33,1,JO,5.96552,1100,0.069736,0.002508,0.003271,217343,217,5000
792,33,1,KC,1.666761,1100,0.069736,0.002508,0.003271,217343,217,5000
792,33,1,KW,1.095165,1106,0.069736,0.002508,0.003271,217343,217,5000
792,33,1,LB,10.401402,1106,0.069736,0.002508,0.003271,217343,217,5000
792,33,1,NR,6.831039,1106,0.069736,0.002508,0.003271,217343,217,5000
792,33,1,SB,5.265483,1100,0.069736,0.002508,0.003271,217343,217,5000
792,33,1,ZC,8.012578,1106,0.069736,0.002508,0.003271,217343,217,5000
792,33,1,ZF,-3.805255,1106,0.069736,0.002508,0.003271,217343,217,5000
792,33,1,ZG,6.708179,1105,0.069736,0.002508,0.003271,217343,217,5000
792,33,1,ZH,6.131554,1103,0.069736,0.002508,0.003271,217343,217,5000
792,33,1,ZI,3.033281,1105,0.069736,0.002508,0.003271,217343,217,5000
792,33,1,ZK,5.355096,1104,0.069736,0.002508,0.003271,217343,217,5000
792,33,1,ZL,6.499525,1106,0.069736,0.002508,0.003271,217343,217,5000
792,33,1,ZO,6.804597,1105,0.069736,0.002508,0.003271,217343,217,5000
792,33,1,ZP,2.594037,1105,0.069736,0.002508,0.003271,217343,217,5000
792,33,1,ZR,0.470017,1106,0.069736,0.002508,0.003271,217343,217,5000
792,33,1,ZT,-1.235899,1106,0.069736,0.002508,0.003271,217343,217,5000
792,33,1,ZU,3.56039,1101,0.069736,0.002508,0.003271,217343,217,5000
792,33,1,ZW,-1.05301,1106,0.069736,0.002508,0.003271,217343,217,5000
792,33,1,ZZ,3.444841,1106,0.069736,0.002508,0.003271,217343,217,5000
792,33,1,ZN,1.743134,1102,0.069736,0.002508,0.003271,217343,217,5000
816,34,1,CC,1.618683,1100,0.067405,0.002504,0.001783,223967,223,5000
816,34,1,DA,3.783606,1100,0.067405,0.002504,0.001783,223967,223,5000
816,34,1,GI,8.333874,1106,0.067405,0.002504,0.001783,223967,223,5000
816,34,1,JO,8.422056,1100,0.067405,0.002504,0.001783,223967,223,5000
816,34,1,KC,0.9855,1100,0.067405,0.002504,0.001783,223967,223,5000
816,34,1,KW,0.558329,1106,0.067405,0.002504,0.001783,223967,223,5000
816,34,1,LB,6.271366,1106,0.067405,0.002504,0.001783,223967,223,5000
816,34,1,NR,6.308118,1106,0.067405,0.002504,0.001783,223967,223,5000
816,34,1,SB,5.273401,1100,0.067405,0.002504,0.001783,223967,223,5000
816,34,1,ZC,11.076589,1106,0.067405,0.002504,0.001783,223967,223,5000
816,34,1,ZF,-2.820221,1106,0.067405,0.002504,0.001783,223967,223,5000
816,34,1,ZG,4.393821,1105,0.067405,0.002504,0.001783,223967,223,5000
816,34,1,ZH,7.96793,1103,0.067405,0.002504,0.001783,223967,223,5000
816,34,1,ZI,3.609811,1105,0.067405,0.002504,0.001783,223967,223,5000
816,34,1,ZK,5.299525,1104,0.067405,0.002504,0.001783,223967,223,5000
816,34,1,ZL,6.925286,1106,0.067405,0.002504,0.001783,223967,223,5000
816,34,1,ZO,11.639866,1105,0.067405,0.002504,0.001783,223967,223,5000
816,34,1,ZP,3.868639,1105,0.067405,0.002504,0.001783,223967,223,5000
816,34,1,ZR,1.132666,1106,0.067405,0.002504,0.001783,223967,223,5000
816,34,1,ZT,-2.001641,1106,0.067405,0.002504,0.001783,223967,223,5000
816,34,1,ZU,3.134923,1101,0.067405,0.002504,0.001783,223967,223,5000
816,34,1,ZW,-0.461212,1106,0.067405,0.002504,0.001783,223967,223,5000
816,34,1,ZZ,2.480356,1106,0.067405,0.002504,0.001783,223967,223,5000
816,34,1,ZN,1.990102,1102,0.067405,0.002504,0.001783,223967,223,5000
840,35,1,CC,1.203949,1100,0.065074,0.002461,0.003309,230591,230,5000
840,35,1,DA,4.951341,1100,0.065074,0.002461,0.003309,230591,230,5000
840,35,1,GI,5.450207,1106,0.065074,0.002461,0.003309,230591,230,5000
840,35,1,JO,9.0518,1100,0.065074,0.002461,0.003309,230591,230,5000
840,35,1,KC,4.243917,1100,0.065074,0.002461,0.003309,230591,230,5000
840,35,1,KW,2.197052,1106,0.065074,0.002461,0.003309,230591,230,5000
840,35,1,LB,7.890519,1106,0.065074,0.002461,0.003309,230591,230,5000
840,35,1,NR,7.117652,1106,0.065074,0.002461,0.003309,230591,230,5000
840,35,1,SB,6.944508,1100,0.065074,0.002461,0.003309,230591,230,5000
840,35,1,ZC,10.7935,1106,0.065074,0.002461,0.003309,230591,230,5000
840,35,1,ZF,-3.457819,1106,0.065074,0.002461,0.003309,230591,230,5000
840,35,1,ZG,6.079699,1105,0.065074,0.002461,0.003309,230591,230,5000
840,35,1,ZH,6.780567,1103,0.065074,0.002461,0.003309,230591,230,5000
840,35,1,ZI,2.111326,1105,0.065074,0.002461,0.003309,230591,230,5000
840,35,1,ZK,5.506823,1104,0.065074,0.002461,0.003309,230591,230,5000
840,35,1,ZL,5.414417,1106,0.065074,0.002461,0.003309,230591,230,5000
840,35,1,ZO,10.515674,1105,0.065074,0.002461,0.003309,230591,230,5000
840,35,1,ZP,7.05256,1105,0.065074,0.002461,0.003309,230591,230,5000
840,35,1,ZR,0.12707,1106,0.065074,0.002461,0.003309,230591,230,5000
840,35,1,ZT,-2.964242,1106,0.065074,0.002461,0.003309,230591,230,5000
840,35,1,ZU,5.015676,1101,0.065074,0.002461,0.003309,230591,230,5000
840,35,1,ZW,0.928035,1106,0.065074,0.002461,0.003309,230591,230,5000
840,35,1,ZZ,2.14007,1106,0.065074,0.002461,0.003309,230591,230,5000
840,35,1,ZN,-1.511002,1102,0.065074,0.002461,0.003309,230591,230,5000
864,36,1,CC,2.715771,1100,0.062743,0.002506,0.002822,237215,237,5000
864,36,1,DA,7.796004,1100,0.062743,0.002506,0.002822,237215,237,5000
864,36,1,GI,5.804395,1106,0.062743,0.002506,0.002822,237215,237,5000
864,36,1,JO,9.029462,1100,0.062743,0.002506,0.002822,237215,237,5000
864,36,1,KC,3.113222,1100,0.062743,0.002506,0.002822,237215,237,5000
864,36,1,KW,3.081134,1106,0.062743,0.002506,0.002822,237215,237,5000
864,36,1,LB,9.347316,1106,0.062743,0.002506,0.002822,237215,237,5000
864,36,1,NR,6.232636,1106,0.062743,0.002506,0.002822,237215,237,5000
864,36,1,SB,7.80327,1100,0.062743,0.002506,0.002822,237215,237,5000
864,36,1,ZC,11.001438,1106,0.062743,0.002506,0.002822,237215,237,5000
864,36,1,ZF,-3.339575,1106,0.062743,0.002506,0.002822,237215,237,5000
864,36,1,ZG,4.066495,1105,0.062743,0.002506,0.002822,237215,237,5000
864,36,1,ZH,7.271303,1103,0.062743,0.002506,0.002822,237215,237,5000
864,36,1,ZI,3.346363,1105,0.062743,0.002506,0.002822,237215,237,5000
864,36,1,ZK,7.891867,1104,0.062743,0.002506,0.002822,237215,237,5000
864,36,1,ZL,6.647204,1106,0.062743,0.002506,0.002822,237215,237,5000
864,36,1,ZO,8.397606,1105,0.062743,0.002506,0.002822,237215,237,5000
864,36,1,ZP,7.451127,1105,0.062743,0.002506,0.002822,237215,237,5000
864,36,1,ZR,2.283486,1106,0.062743,0.002506,0.002822,237215,237,5000
864,36,1,ZT,-1.24445,1106,0.062743,0.002506,0.002822,237215,237,5000
864,36,1,ZU,6.021754,1101,0.062743,0.002506,0.002822,237215,237,5000
864,36,1,ZW,-0.951006,1106,0.062743,0.002506,0.002822,237215,237,5000
864,36,1,ZZ,2.58365,1106,0.062743,0.002506,0.002822,237215,237,5000
864,36,1,ZN,0.945221,1102,0.062743,0.002506,0.002822,237215,237,5000
888,37,1,CC,3.938871,1100,0.060411,0.002381,0.00215,243839,243,5000
888,37,1,DA,7.88516,1100,0.060411,0.002381,0.00215,243839,243,5000
888,37,1,GI,7.474838,1106,0.060411,0.002381,0.00215,243839,243,5000
888,37,1,JO,11.524432,1100,0.060411,0.002381,0.00215,243839,243,5000
888,37,1,KC,3.381028,1100,0.060411,0.002381,0.00215,243839,243,5000
888,37,1,KW,2.986782,1106,0.060411,0.002381,0.00215,243839,243,5000
888,37,1,LB,9.242147,1106,0.060411,0.002381,0.00215,243839,243,5000
888,37,1,NR,5.333718,1106,0.060411,0.002381,0.00215,243839,243,5000
888,37,1,SB,6.031796,1100,0.060411,0.002381,0.00215,243839,243,5000
888,37,1,ZC,10.774962,1106,0.060411,0.002381,0.00215,243839,243,5000
888,37,1,ZF,-2.652902,1106,0.060411,0.002381,0.00215,243839,243,5000
888,37,1,ZG,4.281715,1105,0.060411,0.002381,0.00215,243839,243,5000
888,37,1,ZH,8.128903,1103,0.060411,0.002381,0.00215,243839,243,5000
888,37,1,ZI,3.186311,1105,0.060411,0.002381,0.00215,243839,243,5000
888,37,1,ZK,6.813516,1104,0.060411,0.002381,0.00215,243839,243,5000
888,37,1,ZL,5.708468,1106,0.060411,0.002381,0.00215,243839,243,5000
888,37,1,ZO,8.110452,1105,0.060411,0.002381,0.00215,243839,243,5000
888,37,1,ZP,7.151195,1105,0.060411,0.002381,0.00215,243839,243,5000
888,37,1,ZR,0.744214,1106,0.060411,0.002381,0.00215,243839,243,5000
888,37,1,ZT,-3.160311,1106,0.060411,0.002381,0.00215,243839,243,5000
888,37,1,ZU,5.611576,1101,0.060411,0.002381,0.00215,243839,243,5000
888,37,1,ZW,0.448708,1106,0.060411,0.002381,0.00215,243839,243,5000
888,37,1,ZZ,3.512014,1106,0.060411,0.002381,0.00215,243839,243,5000
888,37,1,ZN,0.516407,1102,0.060411,0.002381,0.00215,243839,243,5000
912,38,1,CC,3.51904,1100,0.05808,0.002558,0.001983,250463,250,5000
912,38,1,DA,8.119554,1100,0.05808,0.002558,0.001983,250463,250,5000
912,38,1,GI,4.485089,1106,0.05808,0.002558,0.001983,250463,250,5000
912,38,1,JO,8.017997,1100,0.05808,0.002558,0.001983,250463,250,5000
912,38,1,KC,2.01874,1100,0.05808,0.002558,0.001983,250463,250,5000
912,38,1,KW,1.198833,1106,0.05808,0.002558,0.001983,250463,250,5000
912,38,1,LB,9.245714,1106,0.05808,0.002558,0.001983,250463,250,5000
912,38,1,NR,5.042586,1106,0.05808,0.002558,0.001983,250463,250,5000
912,38,1,SB,6.13003,1100,0.05808,0.002558,0.001983,250463,250,5000
912,38,1,ZC,11.506628,1106,0.05808,0.002558,0.001983,250463,250,5000
912,38,1,ZF,-3.615787,1106,0.05808,0.002558,0.001983,250463,250,5000
912,38,1,ZG,7.141518,1105,0.05808,0.002558,0.001983,250463,250,5000
912,38,1,ZH,8.213848,1103,0.05808,0.002558,0.001983,250463,250,5000
912,38,1,ZI,8.023459,1105,0.05808,0.002558,0.001983,250463,250,5000
912,38,1,ZK,5.355383,1104,0.05808,0.002558,0.001983,250463,250,5000
912,38,1,ZL,8.397912,1106,0.05808,0.002558,0.001983,250463,250,5000
912,38,1,ZO,10.658562,1105,0.05808,0.002558,0.001983,250463,250,5000
912,38,1,ZP,9.434766,1105,0.05808,0.002558,0.001983,250463,250,5000
912,38,1,ZR,-0.304451,1106,0.05808,0.002558,0.001983,250463,250,5000
912,38,1,ZT,-1.235473,1106,0.05808,0.002558,0.001983,250463,250,5000
912,38,1,ZU,6.233264,1101,0.05808,0.002558,0.001983,250463,250,5000
912,38,1,ZW,0.219162,1106,0.05808,0.002558,0.001983,250463,250,5000
912,38,1,ZZ,2.709476,1106,0.05808,0.002558,0.001983,250463,250,5000
912,38,1,ZN,1.962656,1102,0.05808,0.002558,0.001983,250463,250,5000
936,39,1,CC,3.272475,1100,0.055749,0.002603,0.002223,257087,257,5000
936,39,1,DA,8.77037,1100,0.055749,0.002603,0.002223,257087,257,5000
936,39,1,GI,4.669865,1106,0.055749,0.002603,0.002223,257087,257,5000
936,39,1,JO,10.681867,1100,0.055749,0.002603,0.002223,257087,257,5000
936,39,1,KC,4.471171,1100,0.055749,0.002603,0.002223,257087,257,5000
936,39,1,KW,1.645236,1106,0.055749,0.002603,0.002223,257087,257,5000
936,39,1,LB,7.841658,1106,0.055749,0.002603,0.002223,257087,257,5000
936,39,1,NR,7.667537,1106,0.055749,0.002603,0.002223,257087,257,5000
936,39,1,SB,5.281945,1100,0.055749,0.002603,0.002223,257087,257,5000
936,39,1,ZC,13.095578,1106,0.055749,0.002603,0.002223,257087,257,5000
936,39,1,ZF,-4.111834,1106,0.055749,0.002603,0.002223,257087,257,5000
936,39,1,ZG,8.725152,1105,0.055749,0.002603,0.002223,257087,257,5000
936,39,1,ZH,12.287101,1103,0.055749,0.002603,0.002223,257087,257,5000
936,39,1,ZI,4.249903,1105,0.055749,0.002603,0.002223,257087,257,5000
936,39,1,ZK,5.348989,1104,0.055749,0.002603,0.002223,257087,257,5000
936,39,1,ZL,8.784256,1106,0.055749,0.002603,0.002223,257087,257,5000
936,39,1,ZO,11.629393,1105,0.055749,0.002603,0.002223,257087,257,5000
936,39,1,ZP,7.025695,1105,0.055749,0.002603,0.002223,257087,257,5000
936,39,1,ZR,1.095136,1106,0.055749,0.002603,0.002223,257087,257,5000
936,39,1,ZT,-2.24305,1106,0.055749,0.002603,0.002223,257087,257,5000
936,39,1,ZU,5.88387,1101,0.055749,0.002603,0.002223,257087,257,5000
936,39,1,ZW,1.792879,1106,0.055749,0.002603,0.002223,257087,257,5000
936,39,1,ZZ,2.639733,1106,0.055749,0.002603,0.002223,257087,257,5000
936,39,1,ZN,2.843077,1102,0.055749,0.002603,0.002223,257087,257,5000
960,40,1,CC,7.19847,1100,0.053418,0.002635,0.002541,263711,263,5000
960,40,1,DA,9.179266,1100,0.053418,0.002635,0.002541,263711,263,5000
960,40,1,GI,6.571441,1106,0.053418,0.002635,0.002541,263711,263,5000
960,40,1,JO,12.096865,1100,0.053418,0.002635,0.002541,263711,263,5000
960,40,1,KC,4.584178,1100,0.053418,0.002635,0.002541,263711,263,5000
960,40,1,KW,2.396744,1106,0.053418,0.002635,0.002541,263711,263,5000
960,40,1,LB,8.483429,1106,0.053418,0.002635,0.002541,263711,263,5000
960,40,1,NR,4.980148,1106,0.053418,0.002635,0.002541,263711,263,5000
960,40,1,SB,9.127003,1100,0.053418,0.002635,0.002541,263711,263,5000
960,40,1,ZC,10.393959,1106,0.053418,0.002635,0.002541,263711,263,5000
960,40,1,ZF,-4.603109,1106,0.053418,0.002635,0.002541,263711,263,5000
960,40,1,ZG,5.839226,1105,0.053418,0.002635,0.002541,263711,263,5000
960,40,1,ZH,10.075803,1103,0.053418,0.002635,0.002541,263711,263,5000
960,40,1,ZI,7.591619,1105,0.053418,0.002635,0.002541,263711,263,5000
960,40,1,ZK,7.131063,1104,0.053418,0.002635,0.002541,263711,263,5000
960,40,1,ZL,6.095953,1106,0.053418,0.002635,0.002541,263711,263,5000
960,40,1,ZO,11.372705,1105,0.053418,0.002635,0.002541,263711,263,5000
960,40,1,ZP,7.712789,1105,0.053418,0.002635,0.002541,263711,263,5000
960,40,1,ZR,1.662004,1106,0.053418,0.002635,0.002541,263711,263,5000
960,40,1,ZT,-1.714876,1106,0.053418,0.002635,0.002541,263711,263,5000
960,40,1,ZU,7.98674,1101,0.053418,0.002635,0.002541,263711,263,5000
960,40,1,ZW,3.239797,1106,0.053418,0.002635,0.002541,263711,263,5000
960,40,1,ZZ,3.706156,1106,0.053418,0.002635,0.002541,263711,263,5000
960,40,1,ZN,0.485433,1102,0.053418,0.002635,0.002541,263711,263,5000
