date,asset,DQN_cum_return,Long_cum_return
2011-01-03,Fixed Income,0.0,0.001595
2011-01-04,Fixed Income,-0.037244,0.007418
2011-01-05,Fixed Income,-0.325595,-0.100292
2011-01-06,Fixed Income,-0.178769,-0.040123
2011-01-07,Fixed Income,-0.007667,0.01641
2011-01-10,Fixed Income,0.019174,0.023711
2011-01-11,Fixed Income,-0.057371,-0.004832
2011-01-12,Fixed Income,-0.20346,-0.077404
2011-01-13,Fixed Income,-0.094276,-0.069048
2011-01-14,Fixed Income,-0.181714,-0.099093
2011-01-17,Fixed Income,-0.170657,-0.090586
2011-01-18,Fixed Income,-0.27575,-0.130517
2011-01-19,Fixed Income,-0.214109,-0.11299
2011-01-20,Fixed Income,-0.47363,-0.213036
2011-01-21,Fixed Income,-0.405815,-0.199881
2011-01-24,Fixed Income,-0.375071,-0.18372
2011-01-25,Fixed Income,-0.188112,-0.126565
2011-01-26,Fixed Income,-0.42306,-0.21463
2011-01-27,Fixed Income,-0.348958,-0.200327
2011-01-28,Fixed Income,-0.226046,-0.159024
2011-01-31,Fixed Income,-0.342344,-0.204541
2011-02-01,Fixed Income,-0.490072,-0.250031
2011-02-02,Fixed Income,-0.584091,-0.28725
2011-02-03,Fixed Income,-0.618949,-0.268343
2011-02-04,Fixed Income,-0.845526,-0.354175
2011-02-07,Fixed Income,-0.805736,-0.330233
2011-02-08,Fixed Income,-0.945312,-0.38131
2011-02-09,Fixed Income,-0.815165,-0.347276
2011-02-10,Fixed Income,-0.957138,-0.390005
2011-02-11,Fixed Income,-0.828319,-0.340281
2011-02-14,Fixed Income,-0.784412,-0.329434
2011-02-15,Fixed Income,-0.750655,-0.313725
2011-02-16,Fixed Income,-0.697591,-0.287202
2011-02-17,Fixed Income,-0.540896,-0.219121
2011-02-18,Fixed Income,-0.623154,-0.259198
2011-02-21,Fixed Income,-0.468974,-0.191718
2011-02-22,Fixed Income,-0.195603,-0.114092
2011-02-23,Fixed Income,-0.231224,-0.129511
2011-02-24,Fixed Income,-0.187351,-0.110803
2011-02-25,Fixed Income,-0.145927,-0.101566
2011-02-28,Fixed Income,-0.146366,-0.106105
2011-03-01,Fixed Income,-0.123064,-0.105547
2011-03-02,Fixed Income,-0.321127,-0.179333
2011-03-03,Fixed Income,-0.641201,-0.319691
2011-03-04,Fixed Income,-0.411375,-0.240454
2011-03-07,Fixed Income,-0.444331,-0.25917
2011-03-08,Fixed Income,-0.558496,-0.293532
2011-03-09,Fixed Income,-0.40414,-0.239917
2011-03-10,Fixed Income,-0.187175,-0.160238
2011-03-11,Fixed Income,-0.165407,-0.153074
2011-03-14,Fixed Income,-0.092918,-0.13321
2011-03-15,Fixed Income,0.070769,-0.063353
2011-03-16,Fixed Income,0.365626,0.058476
2011-03-17,Fixed Income,0.192605,-0.02126
2011-03-18,Fixed Income,0.104846,-0.059977
2011-03-21,Fixed Income,0.001408,-0.114584
2011-03-22,Fixed Income,-0.012326,-0.123351
2011-03-23,Fixed Income,0.010161,-0.109893
2011-03-24,Fixed Income,-0.077485,-0.159805
2011-03-25,Fixed Income,-0.216007,-0.200174
2011-03-28,Fixed Income,-0.210674,-0.200069
2011-03-29,Fixed Income,-0.379972,-0.267029
2011-03-30,Fixed Income,-0.275531,-0.230113
2011-03-31,Fixed Income,-0.32171,-0.255525
2011-04-01,Fixed Income,-0.322648,-0.258429
2011-04-04,Fixed Income,-0.303289,-0.253282
2011-04-05,Fixed Income,-0.431826,-0.296922
2011-04-06,Fixed Income,-0.610178,-0.355118
2011-04-07,Fixed Income,-0.613518,-0.346845
2011-04-08,Fixed Income,-0.717227,-0.400016
2011-04-11,Fixed Income,-0.729846,-0.406356
2011-04-12,Fixed Income,-0.489669,-0.315622
2011-04-13,Fixed Income,-0.372753,-0.275697
2011-04-14,Fixed Income,-0.428831,-0.30071
2011-04-15,Fixed Income,-0.158753,-0.207155
2011-04-18,Fixed Income,0.098721,-0.099835
2011-04-19,Fixed Income,0.092847,-0.114863
2011-04-20,Fixed Income,-0.028224,-0.161804
2011-04-21,Fixed Income,-0.014965,-0.129822
2011-04-25,Fixed Income,0.164763,-0.080036
2011-04-26,Fixed Income,0.273079,-0.024054
2011-04-27,Fixed Income,0.165325,-0.090836
2011-04-28,Fixed Income,0.199264,-0.026935
2011-04-29,Fixed Income,0.221901,0.012243
2011-05-02,Fixed Income,0.241735,0.012105
2011-05-03,Fixed Income,0.28822,0.02024
2011-05-04,Fixed Income,0.329369,0.009362
2011-05-05,Fixed Income,0.400808,0.125304
2011-05-06,Fixed Income,0.40375,0.163923
2011-05-09,Fixed Income,0.415487,0.203214
2011-05-10,Fixed Income,0.391341,0.151849
2011-05-11,Fixed Income,0.391341,0.203968
2011-05-12,Fixed Income,0.391341,0.160967
2011-05-13,Fixed Income,0.391341,0.222496
2011-05-16,Fixed Income,0.391341,0.235083
2011-05-17,Fixed Income,0.391341,0.258705
2011-05-18,Fixed Income,0.391341,0.199359
2011-05-19,Fixed Income,0.391341,0.206881
2011-05-20,Fixed Income,0.391341,0.262698
2011-05-23,Fixed Income,0.391341,0.313152
2011-05-24,Fixed Income,0.391341,0.307073
2011-05-25,Fixed Income,0.391341,0.312187
2011-05-26,Fixed Income,0.391341,0.411538
2011-05-27,Fixed Income,0.391341,0.420154
2011-05-30,Fixed Income,0.391341,0.421558
2011-05-31,Fixed Income,0.391341,0.395398
2011-06-01,Fixed Income,0.391341,0.516734
2011-06-02,Fixed Income,0.391341,0.424323
2011-06-03,Fixed Income,0.391341,0.437347
2011-06-06,Fixed Income,0.391341,0.450661
2011-06-07,Fixed Income,0.391341,0.400795
2011-06-08,Fixed Income,0.391341,0.481937
2011-06-09,Fixed Income,0.391341,0.462022
2011-06-10,Fixed Income,0.391341,0.552972
2011-06-13,Fixed Income,0.391341,0.527008
2011-06-14,Fixed Income,0.391341,0.424232
2011-06-15,Fixed Income,0.517708,0.572145
2011-06-16,Fixed Income,0.592194,0.624828
2011-06-17,Fixed Income,0.551467,0.573518
2011-06-20,Fixed Income,0.545932,0.55942
2011-06-21,Fixed Income,0.509669,0.529935
2011-06-22,Fixed Income,0.506722,0.546982
2011-06-23,Fixed Income,0.602531,0.672146
2011-06-24,Fixed Income,0.615941,0.730008
2011-06-27,Fixed Income,0.5169,0.645445
2011-06-28,Fixed Income,0.404667,0.511256
2011-06-29,Fixed Income,0.349171,0.44924
2011-06-30,Fixed Income,0.304921,0.390131
2011-07-01,Fixed Income,0.199489,0.364206
2011-07-04,Fixed Income,0.199489,0.365717
2011-07-05,Fixed Income,0.329339,0.431176
2011-07-06,Fixed Income,0.410853,0.489236
2011-07-07,Fixed Income,0.311132,0.44738
2011-07-08,Fixed Income,0.618863,0.627881
2011-07-11,Fixed Income,0.810285,0.790642
2011-07-12,Fixed Income,0.840376,0.783088
2011-07-13,Fixed Income,0.879731,0.776758
2011-07-14,Fixed Income,0.762407,0.742987
2011-07-15,Fixed Income,0.71231,0.791173
2011-07-18,Fixed Income,0.71231,0.797266
2011-07-19,Fixed Income,0.71231,0.815564
2011-07-20,Fixed Income,0.71231,0.730593
2011-07-21,Fixed Income,0.71231,0.616942
2011-07-22,Fixed Income,0.71231,0.671674
2011-07-25,Fixed Income,0.656073,0.673306
2011-07-26,Fixed Income,0.766237,0.728028
2011-07-27,Fixed Income,0.79345,0.755368
2011-07-28,Fixed Income,0.891824,0.785141
2011-07-29,Fixed Income,1.327317,0.932534
2011-08-01,Fixed Income,1.415842,0.994987
2011-08-02,Fixed Income,1.521591,1.116496
2011-08-03,Fixed Income,1.501957,1.095267
2011-08-04,Fixed Income,1.501957,1.260473
2011-08-05,Fixed Income,1.501957,1.090613
2011-08-08,Fixed Income,1.501957,1.296593
2011-08-09,Fixed Income,1.501957,1.347696
2011-08-10,Fixed Income,1.501957,1.412513
2011-08-11,Fixed Income,1.501957,1.302591
2011-08-12,Fixed Income,1.501957,1.336398
2011-08-15,Fixed Income,1.450164,1.308218
2011-08-16,Fixed Income,1.523659,1.361382
2011-08-17,Fixed Income,1.616866,1.403652
2011-08-18,Fixed Income,1.795366,1.481961
2011-08-19,Fixed Income,1.818635,1.4836
2011-08-22,Fixed Income,1.806837,1.474339
2011-08-23,Fixed Income,1.733506,1.441319
2011-08-24,Fixed Income,1.676618,1.395566
2011-08-25,Fixed Income,1.684176,1.437789
2011-08-26,Fixed Income,1.715249,1.466027
2011-08-29,Fixed Income,1.581403,1.391545
2011-08-30,Fixed Income,1.726604,1.466118
2011-08-31,Fixed Income,1.6071,1.402865
2011-09-01,Fixed Income,1.75715,1.482651
2011-09-02,Fixed Income,2.011099,1.599421
2011-09-05,Fixed Income,2.27276,1.732519
2011-09-06,Fixed Income,2.256731,1.704543
2011-09-07,Fixed Income,2.174284,1.673321
2011-09-08,Fixed Income,2.117767,1.708093
2011-09-09,Fixed Income,1.96197,1.780286
2011-09-12,Fixed Income,1.876903,1.774108
2011-09-13,Fixed Income,1.934621,1.724607
2011-09-14,Fixed Income,1.965688,1.686271
2011-09-15,Fixed Income,2.011885,1.63089
2011-09-16,Fixed Income,1.961923,1.66483
2011-09-19,Fixed Income,1.898176,1.751013
2011-09-20,Fixed Income,1.876785,1.752829
2011-09-21,Fixed Income,1.803669,1.791066
2011-09-22,Fixed Income,1.763052,1.892443
2011-09-23,Fixed Income,1.793473,1.822011
2011-09-26,Fixed Income,1.874668,1.742405
2011-09-27,Fixed Income,2.038301,1.658277
2011-09-28,Fixed Income,2.052218,1.652146
2011-09-29,Fixed Income,1.953179,1.672734
2011-09-30,Fixed Income,1.922173,1.723383
2011-10-03,Fixed Income,1.795036,1.83547
2011-10-04,Fixed Income,1.758009,1.831162
2011-10-05,Fixed Income,1.781641,1.744585
2011-10-06,Fixed Income,1.76074,1.674664
2011-10-07,Fixed Income,1.819279,1.645678
2011-10-10,Fixed Income,1.725892,1.525205
2011-10-11,Fixed Income,1.718267,1.556585
2011-10-12,Fixed Income,1.476326,1.495958
2011-10-13,Fixed Income,1.676282,1.551347
2011-10-14,Fixed Income,1.497073,1.501705
2011-10-17,Fixed Income,1.81878,1.59082
2011-10-18,Fixed Income,1.844865,1.598046
2011-10-19,Fixed Income,1.854761,1.604349
2011-10-20,Fixed Income,1.837244,1.588163
2011-10-21,Fixed Income,1.784756,1.561367
2011-10-24,Fixed Income,1.758115,1.543891
2011-10-25,Fixed Income,1.942418,1.62315
2011-10-26,Fixed Income,1.87013,1.587208
2011-10-27,Fixed Income,1.48227,1.438056
2011-10-28,Fixed Income,1.639918,1.498143
2011-10-31,Fixed Income,2.069409,1.641565
2011-11-01,Fixed Income,2.3794,1.760393
2011-11-02,Fixed Income,2.329704,1.74383
2011-11-03,Fixed Income,2.223117,1.702777
2011-11-04,Fixed Income,2.373819,1.747901
2011-11-07,Fixed Income,2.408836,1.768602
2011-11-08,Fixed Income,2.258147,1.712864
2011-11-09,Fixed Income,2.559109,1.818259
2011-11-10,Fixed Income,2.431961,1.764883
2011-11-11,Fixed Income,2.315529,1.705758
2011-11-14,Fixed Income,2.364756,1.783663
2011-11-15,Fixed Income,2.352612,1.773091
2011-11-16,Fixed Income,2.36913,1.77684
2011-11-17,Fixed Income,2.440495,1.784974
2011-11-18,Fixed Income,2.362657,1.724132
2011-11-21,Fixed Income,2.425522,1.757891
2011-11-22,Fixed Income,2.415664,1.780397
2011-11-23,Fixed Income,2.365351,1.754693
2011-11-24,Fixed Income,2.332221,1.713795
2011-11-25,Fixed Income,2.273544,1.675578
2011-11-28,Fixed Income,2.273888,1.674433
2011-11-29,Fixed Income,2.205467,1.63805
2011-11-30,Fixed Income,2.191301,1.624021
2011-12-01,Fixed Income,2.283134,1.655402
2011-12-02,Fixed Income,2.316088,1.702988
2011-12-05,Fixed Income,2.220278,1.660544
2011-12-06,Fixed Income,2.211982,1.652407
2011-12-07,Fixed Income,2.306749,1.714004
2011-12-08,Fixed Income,2.416782,1.769723
2011-12-09,Fixed Income,2.248283,1.690952
2011-12-12,Fixed Income,2.37365,1.755395
2011-12-13,Fixed Income,2.435398,1.783791
2011-12-14,Fixed Income,2.561814,1.846166
2011-12-15,Fixed Income,2.547654,1.838238
2011-12-16,Fixed Income,2.575042,1.889134
2011-12-19,Fixed Income,2.561983,1.899787
2011-12-20,Fixed Income,2.511866,1.824805
2011-12-21,Fixed Income,2.515103,1.804359
2011-12-22,Fixed Income,2.520641,1.809121
2011-12-23,Fixed Income,2.508487,1.75992
2011-12-27,Fixed Income,2.528851,1.786182
2011-12-28,Fixed Income,2.599184,1.850361
2011-12-29,Fixed Income,2.5973,1.873727
2011-12-30,Fixed Income,2.612202,1.904258
2012-01-03,Fixed Income,2.59818,1.829487
2012-01-04,Fixed Income,2.59818,1.805604
2012-01-05,Fixed Income,2.59818,1.830594
2012-01-06,Fixed Income,2.621202,1.866338
2012-01-09,Fixed Income,2.614797,1.86359
2012-01-10,Fixed Income,2.600506,1.839687
2012-01-11,Fixed Income,2.600506,1.90664
2012-01-12,Fixed Income,2.600506,1.885631
2012-01-13,Fixed Income,2.600506,1.962605
2012-01-16,Fixed Income,2.600506,1.971016
2012-01-17,Fixed Income,2.600506,1.961479
2012-01-18,Fixed Income,2.600506,1.923954
2012-01-19,Fixed Income,2.600506,1.854761
2012-01-20,Fixed Income,2.600506,1.784877
2012-01-23,Fixed Income,2.547747,1.750127
2012-01-24,Fixed Income,2.547601,1.750806
2012-01-25,Fixed Income,2.581123,1.814619
2012-01-26,Fixed Income,2.639002,1.894684
2012-01-27,Fixed Income,2.671455,1.915034
2012-01-30,Fixed Income,2.736999,1.967904
2012-01-31,Fixed Income,2.781871,2.002544
2012-02-01,Fixed Income,2.720724,1.948275
2012-02-02,Fixed Income,2.704624,1.963197
2012-02-03,Fixed Income,2.704624,1.845939
2012-02-06,Fixed Income,2.704624,1.903208
2012-02-07,Fixed Income,2.704624,1.824915
2012-02-08,Fixed Income,2.704624,1.809227
2012-02-09,Fixed Income,2.704624,1.763048
2012-02-10,Fixed Income,2.704624,1.874303
2012-02-13,Fixed Income,2.66661,1.838645
2012-02-14,Fixed Income,2.732564,1.879752
2012-02-15,Fixed Income,2.718624,1.902403
2012-02-16,Fixed Income,2.660229,1.844207
2012-02-17,Fixed Income,2.649655,1.831752
2012-02-20,Fixed Income,2.649655,1.793277
2012-02-21,Fixed Income,2.61717,1.767818
2012-02-22,Fixed Income,2.658643,1.837016
2012-02-23,Fixed Income,2.684076,1.855986
2012-02-24,Fixed Income,2.667401,1.857305
2012-02-27,Fixed Income,2.667401,1.922131
2012-02-28,Fixed Income,2.667401,1.929717
2012-02-29,Fixed Income,2.667401,1.889282
2012-03-01,Fixed Income,2.667401,1.83025
2012-03-02,Fixed Income,2.667401,1.896155
2012-03-05,Fixed Income,2.667401,1.87407
2012-03-06,Fixed Income,2.667401,1.937299
2012-03-07,Fixed Income,2.667401,1.922215
2012-03-08,Fixed Income,2.667401,1.891173
2012-03-09,Fixed Income,2.667401,1.877889
2012-03-12,Fixed Income,2.667401,1.896509
2012-03-13,Fixed Income,2.667401,1.795266
2012-03-14,Fixed Income,2.667401,1.626735
2012-03-15,Fixed Income,2.667401,1.604234
2012-03-16,Fixed Income,2.667401,1.54809
2012-03-19,Fixed Income,2.667401,1.491592
2012-03-20,Fixed Income,2.667401,1.508528
2012-03-21,Fixed Income,2.714917,1.597334
2012-03-22,Fixed Income,2.705663,1.601292
2012-03-23,Fixed Income,2.678561,1.694682
2012-03-26,Fixed Income,2.678561,1.659252
2012-03-27,Fixed Income,2.678561,1.721899
2012-03-28,Fixed Income,2.678561,1.735235
2012-03-29,Fixed Income,2.678561,1.7825
2012-03-30,Fixed Income,2.678561,1.732807
2012-04-02,Fixed Income,2.678561,1.759059
2012-04-03,Fixed Income,2.583182,1.680857
2012-04-04,Fixed Income,2.61332,1.747973
2012-04-05,Fixed Income,2.682507,1.837521
2012-04-06,Fixed Income,2.928858,1.983121
2012-04-09,Fixed Income,2.969113,1.99931
2012-04-10,Fixed Income,3.01942,2.084282
2012-04-11,Fixed Income,2.980206,2.026504
2012-04-12,Fixed Income,2.960351,2.009566
2012-04-13,Fixed Income,3.02209,2.062167
2012-04-16,Fixed Income,3.05007,2.069729
2012-04-17,Fixed Income,3.011305,2.04175
2012-04-18,Fixed Income,3.043848,2.071486
2012-04-19,Fixed Income,3.072577,2.10172
2012-04-20,Fixed Income,3.055537,2.083911
2012-04-23,Fixed Income,3.106329,2.140987
2012-04-24,Fixed Income,3.076224,2.08832
2012-04-25,Fixed Income,3.052212,2.069484
2012-04-26,Fixed Income,3.076071,2.119181
2012-04-27,Fixed Income,3.106917,2.135282
2012-04-30,Fixed Income,3.117916,2.1623
2012-05-01,Fixed Income,3.002636,2.104431
2012-05-02,Fixed Income,3.057486,2.158691
2012-05-03,Fixed Income,3.057395,2.158828
2012-05-04,Fixed Income,3.120103,2.213306
2012-05-07,Fixed Income,3.124756,2.199777
2012-05-08,Fixed Income,3.179071,2.259455
2012-05-09,Fixed Income,3.178936,2.272711
2012-05-10,Fixed Income,3.168849,2.265502
2012-05-11,Fixed Income,3.230204,2.303447
2012-05-14,Fixed Income,3.306881,2.376574
2012-05-15,Fixed Income,3.283732,2.370535
2012-05-16,Fixed Income,3.283732,2.374951
2012-05-17,Fixed Income,3.283732,2.469542
2012-05-18,Fixed Income,3.283732,2.447684
2012-05-21,Fixed Income,3.283732,2.416196
2012-05-22,Fixed Income,3.349785,2.377844
2012-05-23,Fixed Income,3.233394,2.45898
2012-05-24,Fixed Income,3.188413,2.441456
2012-05-25,Fixed Income,3.204791,2.483624
2012-05-28,Fixed Income,3.204791,2.496418
2012-05-29,Fixed Income,3.214133,2.475389
2012-05-30,Fixed Income,3.359514,2.663663
2012-05-31,Fixed Income,3.404682,2.711366
2012-06-01,Fixed Income,3.180714,2.827551
2012-06-04,Fixed Income,3.230186,2.750984
2012-06-05,Fixed Income,3.276848,2.710401
2012-06-06,Fixed Income,3.406155,2.558858
2012-06-07,Fixed Income,3.42236,2.547082
2012-06-08,Fixed Income,3.410179,2.577055
2012-06-11,Fixed Income,3.414488,2.626614
2012-06-12,Fixed Income,3.090442,2.460685
2012-06-13,Fixed Income,3.16377,2.501913
2012-06-14,Fixed Income,3.113463,2.476235
2012-06-15,Fixed Income,3.184096,2.52494
2012-06-18,Fixed Income,3.217709,2.558061
2012-06-19,Fixed Income,3.125826,2.462635
2012-06-20,Fixed Income,3.064286,2.387907
2012-06-21,Fixed Income,3.121066,2.458612
2012-06-22,Fixed Income,3.144075,2.393828
2012-06-25,Fixed Income,3.161445,2.498497
2012-06-26,Fixed Income,3.142619,2.462927
2012-06-27,Fixed Income,3.115018,2.459506
2012-06-28,Fixed Income,3.088656,2.507524
2012-06-29,Fixed Income,3.154909,2.41174
2012-07-02,Fixed Income,3.10092,2.502097
2012-07-03,Fixed Income,2.985874,2.467508
2012-07-04,Fixed Income,3.141057,2.546578
2012-07-05,Fixed Income,3.225119,2.609278
2012-07-06,Fixed Income,3.35492,2.680087
2012-07-09,Fixed Income,3.376338,2.701233
2012-07-10,Fixed Income,3.402244,2.717826
2012-07-11,Fixed Income,3.382845,2.724252
2012-07-12,Fixed Income,3.382845,2.755183
2012-07-13,Fixed Income,3.382845,2.744514
2012-07-16,Fixed Income,3.382845,2.767766
2012-07-17,Fixed Income,3.382845,2.739696
2012-07-18,Fixed Income,3.382845,2.773137
2012-07-19,Fixed Income,3.382845,2.738632
2012-07-20,Fixed Income,3.382845,2.812206
2012-07-23,Fixed Income,3.382845,2.81159
2012-07-24,Fixed Income,3.382845,2.81036
2012-07-25,Fixed Income,3.382845,2.795578
2012-07-26,Fixed Income,3.382845,2.737601
2012-07-27,Fixed Income,3.382845,2.611177
2012-07-30,Fixed Income,3.382845,2.665317
2012-07-31,Fixed Income,3.382845,2.721855
2012-08-01,Fixed Income,3.382845,2.629272
2012-08-02,Fixed Income,3.382845,2.732383
2012-08-03,Fixed Income,3.236764,2.572161
2012-08-06,Fixed Income,3.258309,2.605807
2012-08-07,Fixed Income,3.181317,2.52799
2012-08-08,Fixed Income,3.164042,2.537516
2012-08-09,Fixed Income,3.156069,2.540617
2012-08-10,Fixed Income,3.192924,2.58479
2012-08-13,Fixed Income,3.190766,2.565327
2012-08-14,Fixed Income,3.106113,2.493266
2012-08-15,Fixed Income,3.018884,2.401568
2012-08-16,Fixed Income,2.985543,2.393359
2012-08-17,Fixed Income,3.003029,2.424315
2012-08-20,Fixed Income,3.010758,2.418829
2012-08-21,Fixed Income,3.028718,2.421154
2012-08-22,Fixed Income,3.186725,2.517333
2012-08-23,Fixed Income,3.301376,2.581192
2012-08-24,Fixed Income,3.259531,2.582677
2012-08-27,Fixed Income,3.293852,2.60148
2012-08-28,Fixed Income,3.316301,2.613361
2012-08-29,Fixed Income,3.295101,2.588688
2012-08-30,Fixed Income,3.341469,2.653317
2012-08-31,Fixed Income,3.405393,2.693045
2012-09-03,Fixed Income,3.405393,2.671402
2012-09-04,Fixed Income,3.386171,2.634381
2012-09-05,Fixed Income,3.366409,2.603804
2012-09-06,Fixed Income,3.345519,2.49707
2012-09-07,Fixed Income,3.345519,2.508965
2012-09-10,Fixed Income,3.29694,2.504211
2012-09-11,Fixed Income,3.287944,2.482487
2012-09-12,Fixed Income,3.196662,2.394444
2012-09-13,Fixed Income,3.178854,2.44157
2012-09-14,Fixed Income,3.017337,2.287543
2012-09-17,Fixed Income,3.056025,2.30858
2012-09-18,Fixed Income,3.08437,2.344025
2012-09-19,Fixed Income,3.112914,2.36609
2012-09-20,Fixed Income,3.093671,2.400859
2012-09-21,Fixed Income,3.093671,2.426942
2012-09-24,Fixed Income,3.093671,2.461874
2012-09-25,Fixed Income,3.093671,2.495334
2012-09-26,Fixed Income,3.093671,2.592997
2012-09-27,Fixed Income,3.093671,2.56668
2012-09-28,Fixed Income,3.093671,2.566499
2012-10-01,Fixed Income,3.093671,2.579304
2012-10-02,Fixed Income,3.093671,2.5843
2012-10-03,Fixed Income,3.093671,2.603499
2012-10-04,Fixed Income,3.009358,2.544655
2012-10-05,Fixed Income,2.915357,2.477052
2012-10-08,Fixed Income,2.96727,2.5208
2012-10-09,Fixed Income,2.947524,2.511964
2012-10-10,Fixed Income,3.000535,2.539338
2012-10-11,Fixed Income,3.038347,2.552318
2012-10-12,Fixed Income,3.060629,2.571859
2012-10-15,Fixed Income,3.051184,2.553128
2012-10-16,Fixed Income,3.029356,2.466259
2012-10-17,Fixed Income,3.029356,2.319471
2012-10-18,Fixed Income,3.029356,2.315723
2012-10-19,Fixed Income,3.092764,2.393296
2012-10-22,Fixed Income,3.061961,2.334694
2012-10-23,Fixed Income,3.105668,2.39161
2012-10-24,Fixed Income,3.085631,2.402253
2012-10-25,Fixed Income,3.031415,2.353049
2012-10-26,Fixed Income,3.123788,2.457764
2012-10-29,Fixed Income,3.17378,2.521651
2012-10-30,Fixed Income,3.167072,2.505471
2012-10-31,Fixed Income,3.216073,2.542185
2012-11-01,Fixed Income,3.164084,2.51439
2012-11-02,Fixed Income,3.15045,2.533821
2012-11-05,Fixed Income,3.212149,2.574964
2012-11-06,Fixed Income,3.140988,2.516062
2012-11-07,Fixed Income,3.288736,2.664416
2012-11-08,Fixed Income,3.345981,2.710973
2012-11-09,Fixed Income,3.375454,2.726232
2012-11-12,Fixed Income,3.377304,2.722187
2012-11-13,Fixed Income,3.407399,2.743923
2012-11-14,Fixed Income,3.386233,2.741555
2012-11-15,Fixed Income,3.386233,2.73945
2012-11-16,Fixed Income,3.386233,2.746315
2012-11-19,Fixed Income,3.386233,2.701561
2012-11-20,Fixed Income,3.386233,2.627356
2012-11-21,Fixed Income,3.386233,2.595598
2012-11-22,Fixed Income,3.386233,2.592229
2012-11-23,Fixed Income,3.386233,2.582314
2012-11-26,Fixed Income,3.386233,2.605965
2012-11-27,Fixed Income,3.384901,2.610373
2012-11-28,Fixed Income,3.423619,2.683121
2012-11-29,Fixed Income,3.411044,2.684081
2012-11-30,Fixed Income,3.4232,2.69989
2012-12-03,Fixed Income,3.394801,2.644754
2012-12-04,Fixed Income,3.428003,2.660221
2012-12-05,Fixed Income,3.438133,2.717061
2012-12-06,Fixed Income,3.458927,2.78547
2012-12-07,Fixed Income,3.375088,2.760541
2012-12-10,Fixed Income,3.390454,2.759424
2012-12-11,Fixed Income,3.331023,2.711879
2012-12-12,Fixed Income,3.247891,2.644214
2012-12-13,Fixed Income,3.226383,2.630224
2012-12-14,Fixed Income,3.27157,2.632044
2012-12-17,Fixed Income,3.179808,2.552222
2012-12-18,Fixed Income,3.065766,2.462844
2012-12-19,Fixed Income,3.115754,2.486643
2012-12-20,Fixed Income,3.110652,2.501421
2012-12-21,Fixed Income,3.195661,2.573862
2012-12-24,Fixed Income,3.149025,2.543257
2012-12-26,Fixed Income,3.184299,2.572125
2012-12-27,Fixed Income,3.256964,2.677908
2012-12-28,Fixed Income,3.259295,2.685112
2012-12-31,Fixed Income,3.11149,2.624074
2013-01-02,Fixed Income,3.086713,2.424263
2013-01-03,Fixed Income,3.086713,2.313041
2013-01-04,Fixed Income,3.086713,2.282761
2013-01-07,Fixed Income,3.086713,2.296645
2013-01-08,Fixed Income,3.086713,2.339896
2013-01-09,Fixed Income,3.086713,2.374624
2013-01-10,Fixed Income,3.086713,2.270356
2013-01-11,Fixed Income,3.086713,2.285009
2013-01-14,Fixed Income,3.086713,2.289862
2013-01-15,Fixed Income,3.086713,2.344114
2013-01-16,Fixed Income,3.086713,2.369133
2013-01-17,Fixed Income,3.086713,2.252925
2013-01-18,Fixed Income,3.086713,2.323682
2013-01-21,Fixed Income,3.086713,2.279811
2013-01-22,Fixed Income,3.086713,2.306543
2013-01-23,Fixed Income,3.086713,2.333593
2013-01-24,Fixed Income,3.086713,2.31515
2013-01-25,Fixed Income,3.086713,2.140627
2013-01-28,Fixed Income,3.030514,2.089117
2013-01-29,Fixed Income,3.01224,2.080685
2013-01-30,Fixed Income,2.980574,2.071941
2013-01-31,Fixed Income,3.014605,2.096247
2013-02-01,Fixed Income,2.961166,2.067869
2013-02-04,Fixed Income,3.01465,2.175071
2013-02-05,Fixed Income,2.953034,2.111552
2013-02-06,Fixed Income,3.020082,2.169031
2013-02-07,Fixed Income,3.04105,2.203927
2013-02-08,Fixed Income,3.03267,2.214962
2013-02-11,Fixed Income,3.048661,2.208442
2013-02-12,Fixed Income,2.992844,2.16345
2013-02-13,Fixed Income,2.936953,2.091513
2013-02-14,Fixed Income,3.012519,2.180496
2013-02-15,Fixed Income,3.012086,2.177966
2013-02-18,Fixed Income,3.012086,2.188006
2013-02-19,Fixed Income,2.975228,2.164719
2013-02-20,Fixed Income,2.977745,2.171343
2013-02-21,Fixed Income,3.046542,2.255221
2013-02-22,Fixed Income,3.060529,2.281419
2013-02-25,Fixed Income,3.060134,2.378275
2013-02-26,Fixed Income,3.095089,2.427908
2013-02-27,Fixed Income,3.050176,2.400639
2013-02-28,Fixed Income,3.061954,2.428561
2013-03-01,Fixed Income,3.116411,2.488003
2013-03-04,Fixed Income,3.076743,2.453972
2013-03-05,Fixed Income,3.048733,2.421636
2013-03-06,Fixed Income,2.967119,2.376278
2013-03-07,Fixed Income,2.880291,2.292599
2013-03-08,Fixed Income,2.785375,2.231616
2013-03-11,Fixed Income,2.778912,2.216354
2013-03-12,Fixed Income,2.839433,2.281838
2013-03-13,Fixed Income,2.839216,2.288282
2013-03-14,Fixed Income,2.814173,2.283123
2013-03-15,Fixed Income,2.869938,2.344272
2013-03-18,Fixed Income,2.953827,2.429493
2013-03-19,Fixed Income,3.038438,2.520131
2013-03-20,Fixed Income,2.993138,2.456247
2013-03-21,Fixed Income,3.010959,2.489922
2013-03-22,Fixed Income,3.041055,2.488852
2013-03-25,Fixed Income,3.028386,2.514708
2013-03-26,Fixed Income,3.04674,2.538726
2013-03-27,Fixed Income,3.135409,2.642496
2013-03-28,Fixed Income,3.125458,2.605527
2013-04-01,Fixed Income,3.206881,2.64484
2013-04-02,Fixed Income,3.16185,2.612277
2013-04-03,Fixed Income,3.248507,2.683151
2013-04-04,Fixed Income,3.355503,2.774754
2013-04-05,Fixed Income,3.516886,2.836584
2013-04-08,Fixed Income,3.452694,2.771829
2013-04-09,Fixed Income,3.426216,2.74407
2013-04-10,Fixed Income,3.426216,2.662155
2013-04-11,Fixed Income,3.426216,2.684243
2013-04-12,Fixed Income,3.426216,2.790632
2013-04-15,Fixed Income,3.426216,2.825441
2013-04-16,Fixed Income,3.426216,2.77078
2013-04-17,Fixed Income,3.426216,2.820559
2013-04-18,Fixed Income,3.426216,2.836446
2013-04-19,Fixed Income,3.426216,2.808723
2013-04-22,Fixed Income,3.426216,2.824753
2013-04-23,Fixed Income,3.426216,2.80506
2013-04-24,Fixed Income,3.426216,2.825706
2013-04-25,Fixed Income,3.426216,2.813275
2013-04-26,Fixed Income,3.426216,2.879706
2013-04-29,Fixed Income,3.426216,2.869054
2013-04-30,Fixed Income,3.426216,2.846377
2013-05-01,Fixed Income,3.426216,2.919831
2013-05-02,Fixed Income,3.426216,2.970688
2013-05-03,Fixed Income,3.426216,2.797092
2013-05-06,Fixed Income,3.426216,2.766525
2013-05-07,Fixed Income,3.381112,2.708322
2013-05-08,Fixed Income,3.42026,2.755207
2013-05-09,Fixed Income,3.401418,2.749666
2013-05-10,Fixed Income,3.271558,2.589325
2013-05-13,Fixed Income,3.239604,2.585875
2013-05-14,Fixed Income,3.192902,2.526327
2013-05-15,Fixed Income,3.226999,2.569465
2013-05-16,Fixed Income,3.386504,2.665385
2013-05-17,Fixed Income,3.259284,2.600733
2013-05-20,Fixed Income,3.19899,2.570077
2013-05-21,Fixed Income,3.197477,2.561883
2013-05-22,Fixed Income,3.049158,2.479045
2013-05-23,Fixed Income,3.089002,2.49151
2013-05-24,Fixed Income,3.068333,2.495067
2013-05-27,Fixed Income,3.030487,2.441662
2013-05-28,Fixed Income,2.749707,2.289037
2013-05-29,Fixed Income,2.760895,2.284359
2013-05-30,Fixed Income,2.777784,2.293537
2013-05-31,Fixed Income,2.751168,2.284833
2013-06-03,Fixed Income,2.705793,2.253017
2013-06-04,Fixed Income,2.690592,2.237294
2013-06-05,Fixed Income,2.800143,2.300976
2013-06-06,Fixed Income,2.825589,2.308561
2013-06-07,Fixed Income,2.637758,2.186606
2013-06-10,Fixed Income,2.491794,2.101219
2013-06-11,Fixed Income,2.543316,2.129665
2013-06-12,Fixed Income,2.466695,2.092678
2013-06-13,Fixed Income,2.498509,2.200375
2013-06-14,Fixed Income,2.545947,2.265731
2013-06-17,Fixed Income,2.483628,2.226641
2013-06-18,Fixed Income,2.48598,2.193658
2013-06-19,Fixed Income,2.36363,2.013567
2013-06-20,Fixed Income,2.222263,1.900602
2013-06-21,Fixed Income,2.143696,1.778929
2013-06-24,Fixed Income,2.128202,1.716
2013-06-25,Fixed Income,2.080705,1.692142
2013-06-26,Fixed Income,2.139605,1.786215
2013-06-27,Fixed Income,2.184359,1.853235
2013-06-28,Fixed Income,2.202323,1.847161
2013-07-01,Fixed Income,2.195268,1.851267
2013-07-02,Fixed Income,2.211122,1.902884
2013-07-03,Fixed Income,2.180432,1.874938
2013-07-04,Fixed Income,2.180432,1.959351
2013-07-05,Fixed Income,1.959089,1.779826
2013-07-08,Fixed Income,2.011063,1.845037
2013-07-09,Fixed Income,2.008917,1.89559
2013-07-10,Fixed Income,1.969682,1.852875
2013-07-11,Fixed Income,2.058832,1.943934
2013-07-12,Fixed Income,2.04015,1.970467
2013-07-15,Fixed Income,2.082799,1.977475
2013-07-16,Fixed Income,2.107351,2.007294
2013-07-17,Fixed Income,2.132022,2.038633
2013-07-18,Fixed Income,2.085719,2.032476
2013-07-19,Fixed Income,2.142678,2.060223
2013-07-22,Fixed Income,2.114373,2.061798
2013-07-23,Fixed Income,2.064778,2.011069
2013-07-24,Fixed Income,1.931741,1.893915
2013-07-25,Fixed Income,1.909941,1.894399
2013-07-26,Fixed Income,2.00846,1.914861
2013-07-29,Fixed Income,1.949192,1.893514
2013-07-30,Fixed Income,1.916761,1.881614
2013-07-31,Fixed Income,1.929284,1.913207
2013-08-01,Fixed Income,1.639865,1.795464
2013-08-02,Fixed Income,1.900551,1.897333
2013-08-05,Fixed Income,1.836011,1.844055
2013-08-06,Fixed Income,1.835091,1.829444
2013-08-07,Fixed Income,1.917106,1.876836
2013-08-08,Fixed Income,1.962025,1.870678
2013-08-09,Fixed Income,1.971981,1.89746
2013-08-12,Fixed Income,1.927078,1.861366
2013-08-13,Fixed Income,1.708662,1.708029
2013-08-14,Fixed Income,1.71625,1.71886
2013-08-15,Fixed Income,1.642948,1.655365
2013-08-16,Fixed Income,1.507607,1.60393
2013-08-19,Fixed Income,1.416041,1.578138
2013-08-20,Fixed Income,1.553111,1.660635
2013-08-21,Fixed Income,1.460455,1.58884
2013-08-22,Fixed Income,1.389233,1.555222
2013-08-23,Fixed Income,1.549178,1.57929
2013-08-26,Fixed Income,1.572988,1.619469
2013-08-27,Fixed Income,1.756154,1.730073
2013-08-28,Fixed Income,1.642817,1.652334
2013-08-29,Fixed Income,1.720289,1.708746
2013-08-30,Fixed Income,1.724033,1.689126
2013-09-02,Fixed Income,1.724033,1.629408
2013-09-03,Fixed Income,1.518444,1.558583
2013-09-04,Fixed Income,1.432537,1.520532
2013-09-05,Fixed Income,1.265509,1.402142
2013-09-06,Fixed Income,1.352907,1.498237
2013-09-09,Fixed Income,1.442153,1.519902
2013-09-10,Fixed Income,1.336705,1.447805
2013-09-11,Fixed Income,1.430716,1.5156
2013-09-12,Fixed Income,1.454339,1.536345
2013-09-13,Fixed Income,1.480138,1.560248
2013-09-16,Fixed Income,1.53166,1.590513
2013-09-17,Fixed Income,1.589821,1.601901
2013-09-18,Fixed Income,1.891735,1.752247
2013-09-19,Fixed Income,1.794347,1.692282
2013-09-20,Fixed Income,1.837971,1.707132
2013-09-23,Fixed Income,1.870859,1.733135
2013-09-24,Fixed Income,2.003842,1.821355
2013-09-25,Fixed Income,2.088551,1.853733
2013-09-26,Fixed Income,2.031977,1.831467
2013-09-27,Fixed Income,2.084066,1.873224
2013-09-30,Fixed Income,2.084344,1.891177
2013-10-01,Fixed Income,2.022534,1.843794
2013-10-02,Fixed Income,2.076419,1.86988
2013-10-03,Fixed Income,2.111368,1.872678
2013-10-04,Fixed Income,2.023762,1.82789
2013-10-07,Fixed Income,2.021474,1.863882
2013-10-08,Fixed Income,2.026263,1.860734
2013-10-09,Fixed Income,2.002742,1.850324
2013-10-10,Fixed Income,1.963317,1.799874
2013-10-11,Fixed Income,1.976277,1.809852
2013-10-14,Fixed Income,1.92512,1.773445
2013-10-15,Fixed Income,1.919653,1.758155
2013-10-16,Fixed Income,1.990253,1.796497
2013-10-17,Fixed Income,2.093021,1.881464
2013-10-18,Fixed Income,2.087065,1.903554
2013-10-21,Fixed Income,2.05465,1.874769
2013-10-22,Fixed Income,2.165055,1.984687
2013-10-23,Fixed Income,2.203283,2.013462
2013-10-24,Fixed Income,2.168785,1.984967
2013-10-25,Fixed Income,2.192495,2.017138
2013-10-28,Fixed Income,2.181358,2.010667
2013-10-29,Fixed Income,2.183738,2.042225
2013-10-30,Fixed Income,2.158287,2.035468
2013-10-31,Fixed Income,2.143908,2.080553
2013-11-01,Fixed Income,2.046312,2.01331
2013-11-04,Fixed Income,2.06499,2.033757
2013-11-05,Fixed Income,1.974522,1.947227
2013-11-06,Fixed Income,1.985012,1.954923
2013-11-07,Fixed Income,2.037803,2.04648
2013-11-08,Fixed Income,1.863711,1.893968
2013-11-11,Fixed Income,1.838618,1.880052
2013-11-12,Fixed Income,1.840846,1.858246
2013-11-13,Fixed Income,1.876757,1.933541
2013-11-14,Fixed Income,1.926215,1.984214
2013-11-15,Fixed Income,1.926139,1.975162
2013-11-18,Fixed Income,1.965757,2.012286
2013-11-19,Fixed Income,1.919854,1.94675
2013-11-20,Fixed Income,1.795154,1.870333
2013-11-21,Fixed Income,1.814626,1.877234
2013-11-22,Fixed Income,1.866508,1.898207
2013-11-25,Fixed Income,1.866476,1.925678
2013-11-26,Fixed Income,1.930546,1.976445
2013-11-27,Fixed Income,1.887677,1.950778
2013-11-28,Fixed Income,1.887677,1.968741
2013-11-29,Fixed Income,1.887492,1.964384
2013-12-02,Fixed Income,1.802159,1.88513
2013-12-03,Fixed Income,1.836905,1.902842
2013-12-04,Fixed Income,1.746801,1.772318
2013-12-05,Fixed Income,1.730347,1.692526
2013-12-06,Fixed Income,1.724547,1.706963
2013-12-09,Fixed Income,1.760118,1.722815
2013-12-10,Fixed Income,1.843565,1.778444
2013-12-11,Fixed Income,1.777508,1.73574
2013-12-12,Fixed Income,1.758366,1.717477
2013-12-13,Fixed Income,1.791259,1.731841
2013-12-16,Fixed Income,1.765852,1.706137
2013-12-17,Fixed Income,1.808094,1.758333
2013-12-18,Fixed Income,1.753675,1.705992
2013-12-19,Fixed Income,1.747838,1.652083
2013-12-20,Fixed Income,1.832024,1.667273
2013-12-23,Fixed Income,1.771506,1.63128
2013-12-24,Fixed Income,1.634147,1.557343
2013-12-26,Fixed Income,1.599776,1.542073
2013-12-27,Fixed Income,1.579109,1.458201
2013-12-30,Fixed Income,1.625839,1.51707
2013-12-31,Fixed Income,1.537105,1.476023
2014-01-02,Fixed Income,1.566684,1.486497
2014-01-03,Fixed Income,1.557391,1.484007
2014-01-06,Fixed Income,1.605976,1.547272
2014-01-07,Fixed Income,1.633545,1.576233
2014-01-08,Fixed Income,1.580406,1.506323
2014-01-09,Fixed Income,1.636493,1.54559
2014-01-10,Fixed Income,1.773808,1.700835
2014-01-13,Fixed Income,1.807036,1.754973
2014-01-14,Fixed Income,1.765489,1.690007
2014-01-15,Fixed Income,1.753431,1.685943
2014-01-16,Fixed Income,1.807331,1.762839
2014-01-17,Fixed Income,1.828431,1.806607
2014-01-20,Fixed Income,1.828431,1.824332
2014-01-21,Fixed Income,1.837263,1.828325
2014-01-22,Fixed Income,1.802469,1.776663
2014-01-23,Fixed Income,1.928392,1.920028
2014-01-24,Fixed Income,1.978002,1.976187
2014-01-27,Fixed Income,1.929516,1.925331
2014-01-28,Fixed Income,1.956688,1.959864
2014-01-29,Fixed Income,2.042229,2.05954
2014-01-30,Fixed Income,2.016012,2.048541
2014-01-31,Fixed Income,2.016012,2.130165
2014-02-03,Fixed Income,2.016012,2.207439
2014-02-04,Fixed Income,2.016012,2.149296
2014-02-05,Fixed Income,2.016012,2.128929
2014-02-06,Fixed Income,2.016012,2.050069
2014-02-07,Fixed Income,2.016012,2.108324
2014-02-10,Fixed Income,2.016012,2.099449
2014-02-11,Fixed Income,2.016012,2.066508
2014-02-12,Fixed Income,2.016012,2.003379
2014-02-13,Fixed Income,2.016012,2.095117
2014-02-14,Fixed Income,2.016012,2.071482
2014-02-17,Fixed Income,2.016012,2.067035
2014-02-18,Fixed Income,2.016012,2.110559
2014-02-19,Fixed Income,2.016012,2.085754
2014-02-20,Fixed Income,2.016012,2.049046
2014-02-21,Fixed Income,2.016012,2.089334
2014-02-24,Fixed Income,2.016012,2.055698
2014-02-25,Fixed Income,2.016012,2.131343
2014-02-26,Fixed Income,2.016012,2.208736
2014-02-27,Fixed Income,2.016012,2.264479
2014-02-28,Fixed Income,2.016012,2.195801
2014-03-03,Fixed Income,2.016012,2.282878
2014-03-04,Fixed Income,2.016012,2.171835
2014-03-05,Fixed Income,2.016012,2.177264
2014-03-06,Fixed Income,2.016012,2.095613
2014-03-07,Fixed Income,1.929997,2.061168
2014-03-10,Fixed Income,1.93307,2.076389
2014-03-11,Fixed Income,1.961261,2.092513
2014-03-12,Fixed Income,2.031827,2.160277
2014-03-13,Fixed Income,2.150369,2.280392
2014-03-14,Fixed Income,2.16464,2.258487
2014-03-17,Fixed Income,2.09539,2.207743
2014-03-18,Fixed Income,2.113652,2.22672
2014-03-19,Fixed Income,2.012662,2.084335
2014-03-20,Fixed Income,1.986118,2.074107
2014-03-21,Fixed Income,2.018649,2.103128
2014-03-24,Fixed Income,2.061865,2.150523
2014-03-25,Fixed Income,2.058486,2.159365
2014-03-26,Fixed Income,2.111981,2.218775
2014-03-27,Fixed Income,2.175642,2.248924
2014-03-28,Fixed Income,2.105254,2.208057
2014-03-31,Fixed Income,2.073342,2.184304
2014-04-01,Fixed Income,2.012535,2.139456
2014-04-02,Fixed Income,1.945769,2.065317
2014-04-03,Fixed Income,1.970837,2.083804
2014-04-04,Fixed Income,2.04723,2.196031
2014-04-07,Fixed Income,2.094513,2.209132
2014-04-08,Fixed Income,2.116658,2.219964
2014-04-09,Fixed Income,2.093529,2.21317
2014-04-10,Fixed Income,2.198289,2.293624
2014-04-11,Fixed Income,2.232614,2.337852
2014-04-14,Fixed Income,2.203126,2.295571
2014-04-15,Fixed Income,2.235523,2.348997
2014-04-16,Fixed Income,2.241753,2.333561
2014-04-17,Fixed Income,2.136876,2.217433
2014-04-21,Fixed Income,2.095758,2.203559
2014-04-22,Fixed Income,2.118301,2.212746
2014-04-23,Fixed Income,2.174394,2.234423
2014-04-24,Fixed Income,2.180948,2.236947
2014-04-25,Fixed Income,2.224604,2.284743
2014-04-28,Fixed Income,2.200292,2.27484
2014-04-29,Fixed Income,2.161772,2.26516
2014-04-30,Fixed Income,2.22446,2.33905
2014-05-01,Fixed Income,2.392333,2.409293
2014-05-02,Fixed Income,2.447445,2.443789
2014-05-05,Fixed Income,2.417255,2.415784
2014-05-06,Fixed Income,2.417255,2.425886
2014-05-07,Fixed Income,2.417255,2.416898
2014-05-08,Fixed Income,2.417255,2.471891
2014-05-09,Fixed Income,2.417255,2.455014
2014-05-12,Fixed Income,2.417255,2.412562
2014-05-13,Fixed Income,2.417255,2.502279
2014-05-14,Fixed Income,2.417255,2.622693
2014-05-15,Fixed Income,2.417255,2.720709
2014-05-16,Fixed Income,2.417255,2.674293
2014-05-19,Fixed Income,2.417255,2.642742
2014-05-20,Fixed Income,2.417255,2.683767
2014-05-21,Fixed Income,2.417255,2.624925
2014-05-22,Fixed Income,2.417255,2.626992
2014-05-23,Fixed Income,2.417255,2.649374
2014-05-26,Fixed Income,2.417255,2.662553
2014-05-27,Fixed Income,2.417255,2.672334
2014-05-28,Fixed Income,2.417255,2.776931
2014-05-29,Fixed Income,2.417255,2.741191
2014-05-30,Fixed Income,2.417255,2.740512
2014-06-02,Fixed Income,2.417255,2.65663
2014-06-03,Fixed Income,2.417255,2.55043
2014-06-04,Fixed Income,2.417255,2.536328
2014-06-05,Fixed Income,2.417255,2.598184
2014-06-06,Fixed Income,2.417255,2.623272
2014-06-09,Fixed Income,2.417255,2.586683
2014-06-10,Fixed Income,2.417255,2.533693
2014-06-11,Fixed Income,2.417255,2.559127
2014-06-12,Fixed Income,2.417255,2.624386
2014-06-13,Fixed Income,2.417255,2.619495
2014-06-16,Fixed Income,2.417255,2.630492
2014-06-17,Fixed Income,2.417255,2.534766
2014-06-18,Fixed Income,2.417255,2.610131
2014-06-19,Fixed Income,2.417255,2.624754
2014-06-20,Fixed Income,2.417255,2.615819
2014-06-23,Fixed Income,2.391416,2.622737
2014-06-24,Fixed Income,2.462933,2.678851
2014-06-25,Fixed Income,2.433081,2.741334
2014-06-26,Fixed Income,2.433081,2.793123
2014-06-27,Fixed Income,2.433081,2.763843
2014-06-30,Fixed Income,2.433081,2.802713
2014-07-01,Fixed Income,2.433081,2.753191
2014-07-02,Fixed Income,2.433081,2.661022
2014-07-03,Fixed Income,2.433081,2.643426
2014-07-07,Fixed Income,2.433081,2.697686
2014-07-08,Fixed Income,2.433081,2.786143
2014-07-09,Fixed Income,2.433081,2.812358
2014-07-10,Fixed Income,2.433081,2.828546
2014-07-11,Fixed Income,2.433081,2.83972
2014-07-14,Fixed Income,2.433081,2.810665
2014-07-15,Fixed Income,2.433081,2.804838
2014-07-16,Fixed Income,2.433081,2.83006
2014-07-17,Fixed Income,2.433081,2.927894
2014-07-18,Fixed Income,2.433081,2.89738
2014-07-21,Fixed Income,2.433081,2.907103
2014-07-22,Fixed Income,2.433081,2.912026
2014-07-23,Fixed Income,2.433081,2.923461
2014-07-24,Fixed Income,2.433081,2.844201
2014-07-25,Fixed Income,2.433081,2.928705
2014-07-28,Fixed Income,2.433081,2.889322
2014-07-29,Fixed Income,2.433081,2.961972
2014-07-30,Fixed Income,2.433081,2.80097
2014-07-31,Fixed Income,2.433081,2.821672
2014-08-01,Fixed Income,2.433081,2.894166
2014-08-04,Fixed Income,2.433081,2.891787
2014-08-05,Fixed Income,2.433081,2.893518
2014-08-06,Fixed Income,2.433081,2.961493
2014-08-07,Fixed Income,2.433081,3.045325
2014-08-08,Fixed Income,2.433081,3.018498
2014-08-11,Fixed Income,2.433081,3.040252
2014-08-12,Fixed Income,2.433081,3.012433
2014-08-13,Fixed Income,2.433081,3.097674
2014-08-14,Fixed Income,2.433081,3.124934
2014-08-15,Fixed Income,2.433081,3.194075
2014-08-18,Fixed Income,2.433081,3.112579
2014-08-19,Fixed Income,2.433081,3.11733
2014-08-20,Fixed Income,2.433081,3.103782
2014-08-21,Fixed Income,2.433081,3.11418
2014-08-22,Fixed Income,2.433081,3.137076
2014-08-25,Fixed Income,2.433081,3.183414
2014-08-26,Fixed Income,2.433081,3.180969
2014-08-27,Fixed Income,2.433081,3.241342
2014-08-28,Fixed Income,2.433081,3.291795
2014-08-29,Fixed Income,2.433081,3.268575
2014-09-01,Fixed Income,2.433081,3.303875
2014-09-02,Fixed Income,2.433081,3.180795
2014-09-03,Fixed Income,2.433081,3.182481
2014-09-04,Fixed Income,2.433081,3.155347
2014-09-05,Fixed Income,2.433081,3.165402
2014-09-08,Fixed Income,2.433081,3.127637
2014-09-09,Fixed Income,2.433081,3.078675
2014-09-10,Fixed Income,2.433081,3.050233
2014-09-11,Fixed Income,2.433081,3.059309
2014-09-12,Fixed Income,2.433081,2.928674
2014-09-15,Fixed Income,2.433081,2.990754
2014-09-16,Fixed Income,2.433081,2.97209
2014-09-17,Fixed Income,2.433081,2.958702
2014-09-18,Fixed Income,2.433081,2.917577
2014-09-19,Fixed Income,2.433081,3.021378
2014-09-22,Fixed Income,2.433081,3.055789
2014-09-23,Fixed Income,2.433081,3.084205
2014-09-24,Fixed Income,2.433081,3.039689
2014-09-25,Fixed Income,2.433081,3.153734
2014-09-26,Fixed Income,2.433081,3.126941
2014-09-29,Fixed Income,2.433081,3.1761
2014-09-30,Fixed Income,2.433081,3.182252
2014-10-01,Fixed Income,2.433081,3.340069
2014-10-02,Fixed Income,2.433081,3.25713
2014-10-03,Fixed Income,2.433081,3.246778
2014-10-06,Fixed Income,2.433081,3.280491
2014-10-07,Fixed Income,2.433081,3.359603
2014-10-08,Fixed Income,2.433081,3.379448
2014-10-09,Fixed Income,2.433081,3.376047
2014-10-10,Fixed Income,2.433081,3.417797
2014-10-13,Fixed Income,2.433081,3.452434
2014-10-14,Fixed Income,2.433081,3.535255
2014-10-15,Fixed Income,2.433081,3.679197
2014-10-16,Fixed Income,2.433081,3.579211
2014-10-17,Fixed Income,2.433081,3.514178
2014-10-20,Fixed Income,2.433081,3.552334
2014-10-21,Fixed Income,2.433081,3.492578
2014-10-22,Fixed Income,2.433081,3.506496
2014-10-23,Fixed Income,2.433081,3.426195
2014-10-24,Fixed Income,2.433081,3.425027
2014-10-27,Fixed Income,2.433081,3.454237
2014-10-28,Fixed Income,2.433081,3.429987
2014-10-29,Fixed Income,2.433081,3.381125
2014-10-30,Fixed Income,2.433081,3.450403
2014-10-31,Fixed Income,2.433081,3.456613
2014-11-03,Fixed Income,2.433081,3.430498
2014-11-04,Fixed Income,2.433081,3.462325
2014-11-05,Fixed Income,2.433081,3.459795
2014-11-06,Fixed Income,2.433081,3.429591
2014-11-07,Fixed Income,2.433081,3.509794
2014-11-10,Fixed Income,2.433081,3.439844
2014-11-11,Fixed Income,2.433081,3.439128
2014-11-12,Fixed Income,2.433081,3.467069
2014-11-13,Fixed Income,2.433081,3.510951
2014-11-14,Fixed Income,2.448632,3.546876
2014-11-17,Fixed Income,2.416722,3.49329
2014-11-18,Fixed Income,2.448397,3.498785
2014-11-19,Fixed Income,2.399436,3.416806
2014-11-20,Fixed Income,2.435079,3.482697
2014-11-21,Fixed Income,2.480741,3.535401
2014-11-24,Fixed Income,2.480482,3.540517
2014-11-25,Fixed Income,2.578673,3.614187
2014-11-26,Fixed Income,2.547847,3.650002
2014-11-27,Fixed Income,2.547847,3.704092
2014-11-28,Fixed Income,2.547847,3.73737
2014-12-01,Fixed Income,2.547847,3.636305
2014-12-02,Fixed Income,2.547847,3.580823
2014-12-03,Fixed Income,2.547847,3.609924
2014-12-04,Fixed Income,2.547847,3.622664
2014-12-05,Fixed Income,2.547847,3.562181
2014-12-08,Fixed Income,2.547847,3.675191
2014-12-09,Fixed Income,2.547847,3.721087
2014-12-10,Fixed Income,2.547847,3.787445
2014-12-11,Fixed Income,2.547847,3.778298
2014-12-12,Fixed Income,2.547847,3.885725
2014-12-15,Fixed Income,2.547847,3.860542
2014-12-16,Fixed Income,2.547847,3.949353
2014-12-17,Fixed Income,2.547847,3.868436
2014-12-18,Fixed Income,2.547847,3.811247
2014-12-19,Fixed Income,2.547847,3.862737
2014-12-22,Fixed Income,2.547847,3.873382
2014-12-23,Fixed Income,2.547847,3.784584
2014-12-24,Fixed Income,2.547847,3.791101
2014-12-26,Fixed Income,2.547847,3.806605
2014-12-29,Fixed Income,2.547847,3.91217
2014-12-30,Fixed Income,2.547847,3.934989
2014-12-31,Fixed Income,2.547847,3.968508
2015-01-02,Fixed Income,2.547847,4.049232
2015-01-05,Fixed Income,2.547847,4.097051
2015-01-06,Fixed Income,2.547847,4.19141
2015-01-07,Fixed Income,2.547847,4.178084
2015-01-08,Fixed Income,2.547847,4.109067
2015-01-09,Fixed Income,2.547847,4.151327
2015-01-12,Fixed Income,2.547847,4.211364
2015-01-13,Fixed Income,2.547847,4.228283
2015-01-14,Fixed Income,2.547847,4.297769
2015-01-15,Fixed Income,2.547847,4.395956
2015-01-16,Fixed Income,2.547847,4.338637
2015-01-19,Fixed Income,2.547847,4.367464
2015-01-20,Fixed Income,2.547847,4.351414
2015-01-21,Fixed Income,2.457967,4.239362
2015-01-22,Fixed Income,2.407484,4.271374
2015-01-23,Fixed Income,2.520506,4.414726
2015-01-26,Fixed Income,2.499344,4.341757
2015-01-27,Fixed Income,2.493921,4.338614
2015-01-28,Fixed Income,2.632394,4.494474
2015-01-29,Fixed Income,2.568968,4.425578
2015-01-30,Fixed Income,2.637395,4.530349
2015-02-02,Fixed Income,2.602876,4.510633
2015-02-03,Fixed Income,2.479146,4.415726
2015-02-04,Fixed Income,2.489177,4.431641
2015-02-05,Fixed Income,2.446488,4.393567
2015-02-06,Fixed Income,2.354343,4.334014
2015-02-09,Fixed Income,2.349122,4.336694
2015-02-10,Fixed Income,2.295157,4.306973
2015-02-11,Fixed Income,2.297469,4.322336
2015-02-12,Fixed Income,2.289984,4.344781
2015-02-13,Fixed Income,2.219698,4.299757
2015-02-16,Fixed Income,2.219698,4.361151
2015-02-17,Fixed Income,2.080733,4.223474
2015-02-18,Fixed Income,2.130742,4.290217
2015-02-19,Fixed Income,2.094841,4.25525
2015-02-20,Fixed Income,2.074199,4.235803
2015-02-23,Fixed Income,2.170566,4.31971
2015-02-24,Fixed Income,2.169936,4.344206
2015-02-25,Fixed Income,2.19606,4.389509
2015-02-26,Fixed Income,2.152454,4.369675
2015-02-27,Fixed Income,2.148127,4.357213
2015-03-02,Fixed Income,2.001878,4.256399
2015-03-03,Fixed Income,1.949282,4.210881
2015-03-04,Fixed Income,1.943208,4.198775
2015-03-05,Fixed Income,1.948903,4.247311
2015-03-06,Fixed Income,1.736124,4.106611
2015-03-09,Fixed Income,1.794646,4.195493
2015-03-10,Fixed Income,1.904092,4.304453
2015-03-11,Fixed Income,1.948104,4.321227
2015-03-12,Fixed Income,1.956363,4.291707
2015-03-13,Fixed Income,1.951003,4.280116
2015-03-16,Fixed Income,1.96967,4.25728
2015-03-17,Fixed Income,2.049829,4.28026
2015-03-18,Fixed Income,2.145962,4.441466
2015-03-19,Fixed Income,2.148858,4.414532
2015-03-20,Fixed Income,2.201442,4.452389
2015-03-23,Fixed Income,2.194496,4.40881
2015-03-24,Fixed Income,2.262142,4.432273
2015-03-25,Fixed Income,2.222125,4.410502
2015-03-26,Fixed Income,2.103047,4.381264
2015-03-27,Fixed Income,2.208441,4.427958
2015-03-30,Fixed Income,2.159681,4.404442
2015-03-31,Fixed Income,2.180574,4.442275
2015-04-01,Fixed Income,2.281778,4.495083
2015-04-02,Fixed Income,2.217622,4.454115
2015-04-03,Fixed Income,2.337682,4.542656
2015-04-06,Fixed Income,2.134706,4.449849
2015-04-07,Fixed Income,2.176973,4.476048
2015-04-08,Fixed Income,2.192267,4.508583
2015-04-09,Fixed Income,2.107299,4.456686
2015-04-10,Fixed Income,2.119288,4.462045
2015-04-13,Fixed Income,2.117465,4.477454
2015-04-14,Fixed Income,2.163283,4.50427
2015-04-15,Fixed Income,2.148754,4.530044
2015-04-16,Fixed Income,2.150121,4.561835
2015-04-17,Fixed Income,2.220906,4.594695
2015-04-20,Fixed Income,2.132039,4.545777
2015-04-21,Fixed Income,2.110763,4.499633
2015-04-22,Fixed Income,2.011137,4.395133
2015-04-23,Fixed Income,2.039142,4.424306
2015-04-24,Fixed Income,2.066175,4.446535
2015-04-27,Fixed Income,2.080564,4.439452
2015-04-28,Fixed Income,2.007788,4.406888
2015-04-29,Fixed Income,1.924263,4.242029
2015-04-30,Fixed Income,1.909519,4.166973
2015-05-01,Fixed Income,1.805973,4.11196
2015-05-04,Fixed Income,1.762453,4.019085
2015-05-05,Fixed Income,1.725177,3.966481
2015-05-06,Fixed Income,1.633446,3.867216
2015-05-07,Fixed Income,1.718673,3.934011
2015-05-08,Fixed Income,1.730779,3.972272
2015-05-11,Fixed Income,1.576245,3.827012
2015-05-12,Fixed Income,1.5943,3.817043
2015-05-13,Fixed Income,1.544851,3.762738
2015-05-14,Fixed Income,1.56582,3.822362
2015-05-15,Fixed Income,1.692236,3.919773
2015-05-18,Fixed Income,1.594331,3.855217
2015-05-19,Fixed Income,1.573102,3.860939
2015-05-20,Fixed Income,1.560109,3.866298
2015-05-21,Fixed Income,1.637793,3.89489
2015-05-22,Fixed Income,1.609216,3.889391
2015-05-26,Fixed Income,1.609011,3.976883
2015-05-27,Fixed Income,1.62474,3.979704
2015-05-28,Fixed Income,1.61424,3.991385
2015-05-29,Fixed Income,1.65289,4.044578
2015-06-01,Fixed Income,1.545905,3.916407
2015-06-02,Fixed Income,1.469459,3.775185
2015-06-03,Fixed Income,1.373311,3.578321
2015-06-04,Fixed Income,1.448994,3.667543
2015-06-05,Fixed Income,1.335717,3.602645
2015-06-08,Fixed Income,1.3133,3.594769
2015-06-09,Fixed Income,1.201322,3.531126
2015-06-10,Fixed Income,1.117145,3.491232
2015-06-11,Fixed Income,1.35221,3.60882
2015-06-12,Fixed Income,1.358847,3.612099
2015-06-15,Fixed Income,1.398467,3.637662
2015-06-16,Fixed Income,1.473578,3.680368
2015-06-17,Fixed Income,1.460939,3.690525
2015-06-18,Fixed Income,1.36295,3.644658
2015-06-19,Fixed Income,1.526188,3.730883
2015-06-22,Fixed Income,1.293765,3.608558
2015-06-23,Fixed Income,1.260232,3.587774
2015-06-24,Fixed Income,1.369608,3.648292
2015-06-25,Fixed Income,1.324625,3.623972
2015-06-26,Fixed Income,1.169401,3.536935
2015-06-29,Fixed Income,1.483309,3.714705
2015-06-30,Fixed Income,1.467221,3.710612
2015-07-01,Fixed Income,1.325432,3.644537
2015-07-02,Fixed Income,1.317228,3.650415
2015-07-03,Fixed Income,1.433265,3.716863
2015-07-06,Fixed Income,1.601254,3.811497
2015-07-07,Fixed Income,1.693607,3.847279
2015-07-08,Fixed Income,1.7405,3.867055
2015-07-09,Fixed Income,1.564966,3.781416
2015-07-10,Fixed Income,1.345459,3.641593
2015-07-13,Fixed Income,1.326769,3.664503
2015-07-14,Fixed Income,1.345874,3.694318
2015-07-15,Fixed Income,1.470002,3.755748
2015-07-16,Fixed Income,1.463406,3.738889
2015-07-17,Fixed Income,1.531433,3.769205
2015-07-20,Fixed Income,1.534184,3.765052
2015-07-21,Fixed Income,1.544309,3.77174
2015-07-22,Fixed Income,1.606221,3.80062
2015-07-23,Fixed Income,1.676623,3.836785
2015-07-24,Fixed Income,1.659968,3.853522
2015-07-27,Fixed Income,1.647077,3.883806
2015-07-28,Fixed Income,1.647077,3.866215
2015-07-29,Fixed Income,1.647077,3.859203
2015-07-30,Fixed Income,1.647077,3.890513
2015-07-31,Fixed Income,1.629584,3.921411
2015-08-03,Fixed Income,1.656914,3.974594
2015-08-04,Fixed Income,1.63259,3.921271
2015-08-05,Fixed Income,1.63259,3.853176
2015-08-06,Fixed Income,1.65299,3.899568
2015-08-07,Fixed Income,1.702446,3.964118
2015-08-10,Fixed Income,1.663685,3.908221
2015-08-11,Fixed Income,1.726168,3.99792
2015-08-12,Fixed Income,1.745134,4.008842
2015-08-13,Fixed Income,1.740885,3.981125
2015-08-14,Fixed Income,1.715491,3.96253
2015-08-17,Fixed Income,1.715491,4.001319
2015-08-18,Fixed Income,1.715491,3.964
2015-08-19,Fixed Income,1.750918,4.031431
2015-08-20,Fixed Income,1.819714,4.070455
2015-08-21,Fixed Income,1.83395,4.086364
2015-08-24,Fixed Income,1.794243,4.082176
2015-08-25,Fixed Income,1.500379,3.923236
2015-08-26,Fixed Income,1.397658,3.888157
2015-08-27,Fixed Income,1.438334,3.897841
2015-08-28,Fixed Income,1.431933,3.883214
2015-08-31,Fixed Income,1.313216,3.821956
2015-09-01,Fixed Income,1.330607,3.841073
2015-09-02,Fixed Income,1.311566,3.834697
2015-09-03,Fixed Income,1.426215,3.90897
2015-09-04,Fixed Income,1.567602,3.972554
2015-09-07,Fixed Income,1.520939,3.963106
2015-09-08,Fixed Income,1.416232,3.913182
2015-09-09,Fixed Income,1.469225,3.940246
2015-09-10,Fixed Income,1.415385,3.911177
2015-09-11,Fixed Income,1.498294,3.956186
2015-09-14,Fixed Income,1.510645,3.962943
2015-09-15,Fixed Income,1.262511,3.828945
2015-09-16,Fixed Income,1.220776,3.805701
2015-09-17,Fixed Income,1.364791,3.894928
2015-09-18,Fixed Income,1.550284,3.982344
2015-09-21,Fixed Income,1.408755,3.916483
2015-09-22,Fixed Income,1.598233,4.022445
2015-09-23,Fixed Income,1.590072,4.01246
2015-09-24,Fixed Income,1.622821,4.01407
2015-09-25,Fixed Income,1.540991,3.981205
2015-09-28,Fixed Income,1.695315,4.058353
2015-09-29,Fixed Income,1.682634,4.076023
2015-09-30,Fixed Income,1.658575,4.06523
2015-10-01,Fixed Income,1.678532,4.103673
2015-10-02,Fixed Income,1.721932,4.152821
2015-10-05,Fixed Income,1.653032,4.08128
2015-10-06,Fixed Income,1.677449,4.081103
2015-10-07,Fixed Income,1.670333,4.062501
2015-10-08,Fixed Income,1.613883,4.034012
2015-10-09,Fixed Income,1.636372,4.03287
2015-10-12,Fixed Income,1.677526,4.079335
2015-10-13,Fixed Income,1.67883,4.082373
2015-10-14,Fixed Income,1.760559,4.166576
2015-10-15,Fixed Income,1.719881,4.115176
2015-10-16,Fixed Income,1.729977,4.128752
2015-10-19,Fixed Income,1.703089,4.11165
2015-10-20,Fixed Income,1.65048,4.017477
2015-10-21,Fixed Income,1.704478,4.097752
2015-10-22,Fixed Income,1.705925,4.16559
2015-10-23,Fixed Income,1.642865,4.123144
2015-10-26,Fixed Income,1.685526,4.14929
2015-10-27,Fixed Income,1.710016,4.200352
2015-10-28,Fixed Income,1.689493,4.147972
2015-10-29,Fixed Income,1.573698,4.04961
2015-10-30,Fixed Income,1.601711,4.068252
2015-11-02,Fixed Income,1.567844,4.013504
2015-11-03,Fixed Income,1.511935,3.98476
2015-11-04,Fixed Income,1.514999,3.973948
2015-11-05,Fixed Income,1.484758,3.954496
2015-11-06,Fixed Income,1.393407,3.830924
2015-11-09,Fixed Income,1.382133,3.870433
2015-11-10,Fixed Income,1.407413,3.909938
2015-11-11,Fixed Income,1.378164,3.905208
2015-11-12,Fixed Income,1.42052,3.920878
2015-11-13,Fixed Income,1.448422,3.978917
2015-11-16,Fixed Income,1.441574,3.991157
2015-11-17,Fixed Income,1.473471,4.031088
2015-11-18,Fixed Income,1.473296,4.024628
2015-11-19,Fixed Income,1.519984,4.05486
2015-11-20,Fixed Income,1.505913,4.047009
2015-11-23,Fixed Income,1.534056,4.052493
2015-11-24,Fixed Income,1.533837,4.047816
2015-11-25,Fixed Income,1.54829,4.103866
2015-11-27,Fixed Income,1.546133,4.114737
2015-11-30,Fixed Income,1.555346,4.101882
2015-12-01,Fixed Income,1.669236,4.179569
2015-12-02,Fixed Income,1.68329,4.172639
2015-12-03,Fixed Income,1.44158,3.781472
2015-12-04,Fixed Income,1.52061,3.807337
2015-12-07,Fixed Income,1.592444,3.892835
2015-12-08,Fixed Income,1.571465,3.895403
2015-12-09,Fixed Income,1.601484,3.915591
2015-12-10,Fixed Income,1.584454,3.896039
2015-12-11,Fixed Income,1.68833,3.989468
2015-12-14,Fixed Income,1.601999,3.908801
2015-12-15,Fixed Income,1.587016,3.851279
2015-12-16,Fixed Income,1.563314,3.818715
2015-12-17,Fixed Income,1.629728,3.895252
2015-12-18,Fixed Income,1.652303,3.937389
2015-12-21,Fixed Income,1.636766,3.932996
2015-12-22,Fixed Income,1.586788,3.877443
2015-12-23,Fixed Income,1.546159,3.83853
2015-12-24,Fixed Income,1.627731,3.874664
2015-12-28,Fixed Income,1.656169,3.912267
2015-12-29,Fixed Income,1.535352,3.819625
2015-12-30,Fixed Income,1.533051,3.825834
2015-12-31,Fixed Income,1.582309,3.863619
2016-01-04,Fixed Income,1.582309,3.90394
2016-01-05,Fixed Income,1.582309,3.928232
2016-01-06,Fixed Income,1.582309,4.00473
2016-01-07,Fixed Income,1.582309,4.016142
2016-01-08,Fixed Income,1.582309,4.042866
2016-01-11,Fixed Income,1.582309,4.007739
2016-01-12,Fixed Income,1.582309,4.059981
2016-01-13,Fixed Income,1.582309,4.108847
2016-01-14,Fixed Income,1.582309,4.073725
2016-01-15,Fixed Income,1.582309,4.14892
2016-01-18,Fixed Income,1.582309,4.157641
2016-01-19,Fixed Income,1.582309,4.156642
2016-01-20,Fixed Income,1.582309,4.219655
2016-01-21,Fixed Income,1.582309,4.24403
2016-01-22,Fixed Income,1.582309,4.207654
2016-01-25,Fixed Income,1.582309,4.234529
2016-01-26,Fixed Income,1.582309,4.26585
2016-01-27,Fixed Income,1.582309,4.282682
2016-01-28,Fixed Income,1.582309,4.297881
2016-01-29,Fixed Income,1.582309,4.38635
2016-02-01,Fixed Income,1.582309,4.343199
2016-02-02,Fixed Income,1.582309,4.455256
2016-02-03,Fixed Income,1.582309,4.446899
2016-02-04,Fixed Income,1.582309,4.453829
2016-02-05,Fixed Income,1.582309,4.473284
2016-02-08,Fixed Income,1.582309,4.604786
2016-02-09,Fixed Income,1.582309,4.592292
2016-02-10,Fixed Income,1.582309,4.622803
2016-02-11,Fixed Income,1.582309,4.684894
2016-02-12,Fixed Income,1.582309,4.572078
2016-02-15,Fixed Income,1.582309,4.621843
2016-02-16,Fixed Income,1.582309,4.587491
2016-02-17,Fixed Income,1.582309,4.552537
2016-02-18,Fixed Income,1.582309,4.626355
2016-02-19,Fixed Income,1.590789,4.629894
2016-02-22,Fixed Income,1.569667,4.635208
2016-02-23,Fixed Income,1.598679,4.650509
2016-02-24,Fixed Income,1.598415,4.656847
2016-02-25,Fixed Income,1.633585,4.720111
2016-02-26,Fixed Income,1.539169,4.66528
2016-02-29,Fixed Income,1.551773,4.71304
2016-03-01,Fixed Income,1.433834,4.608356
2016-03-02,Fixed Income,1.448815,4.561761
2016-03-03,Fixed Income,1.490587,4.613618
2016-03-04,Fixed Income,1.426704,4.543019
2016-03-07,Fixed Income,1.429844,4.539223
2016-03-08,Fixed Income,1.515389,4.598313
2016-03-09,Fixed Income,1.458189,4.519251
2016-03-10,Fixed Income,1.433797,4.422194
2016-03-11,Fixed Income,1.372746,4.415987
2016-03-14,Fixed Income,1.385814,4.394486
2016-03-15,Fixed Income,1.397202,4.386203
2016-03-16,Fixed Income,1.38676,4.434547
2016-03-17,Fixed Income,1.453576,4.492588
2016-03-18,Fixed Income,1.48096,4.521011
2016-03-21,Fixed Income,1.397217,4.474854
2016-03-22,Fixed Income,1.407108,4.463777
2016-03-23,Fixed Income,1.495257,4.53695
2016-03-24,Fixed Income,1.469382,4.528185
2016-03-28,Fixed Income,1.524144,4.5583
2016-03-29,Fixed Income,1.578118,4.646532
2016-03-30,Fixed Income,1.519991,4.618791
2016-03-31,Fixed Income,1.574295,4.647526
2016-04-01,Fixed Income,1.570679,4.647765
2016-04-04,Fixed Income,1.586494,4.656185
2016-04-05,Fixed Income,1.677193,4.727586
2016-04-06,Fixed Income,1.626743,4.697393
2016-04-07,Fixed Income,1.72166,4.77799
2016-04-08,Fixed Income,1.702518,4.756838
2016-04-11,Fixed Income,1.702518,4.74424
2016-04-12,Fixed Income,1.702518,4.66361
2016-04-13,Fixed Income,1.702518,4.709618
2016-04-14,Fixed Income,1.593478,4.651275
2016-04-15,Fixed Income,1.653262,4.708334
2016-04-18,Fixed Income,1.547746,4.669873
2016-04-19,Fixed Income,1.507937,4.653205
2016-04-20,Fixed Income,1.479448,4.587642
2016-04-21,Fixed Income,1.393085,4.523475
2016-04-22,Fixed Income,1.396516,4.526957
2016-04-25,Fixed Income,1.335091,4.482222
2016-04-26,Fixed Income,1.204784,4.423863
2016-04-27,Fixed Income,1.366336,4.517084
2016-04-28,Fixed Income,1.40621,4.539973
2016-04-29,Fixed Income,1.381727,4.516017
2016-05-02,Fixed Income,1.303143,4.474579
2016-05-03,Fixed Income,1.52803,4.596403
2016-05-04,Fixed Income,1.573019,4.613552
2016-05-05,Fixed Income,1.595445,4.695009
2016-05-06,Fixed Income,1.575823,4.662152
2016-05-09,Fixed Income,1.575823,4.707848
2016-05-10,Fixed Income,1.575823,4.713587
2016-05-11,Fixed Income,1.575823,4.733685
2016-05-12,Fixed Income,1.575823,4.68125
2016-05-13,Fixed Income,1.575823,4.744251
2016-05-16,Fixed Income,1.575823,4.678225
2016-05-17,Fixed Income,1.575823,4.680551
2016-05-18,Fixed Income,1.575823,4.54449
2016-05-19,Fixed Income,1.575823,4.589591
2016-05-20,Fixed Income,1.575823,4.590445
2016-05-23,Fixed Income,1.575823,4.595541
2016-05-24,Fixed Income,1.575823,4.59197
2016-05-25,Fixed Income,1.575823,4.595698
2016-05-26,Fixed Income,1.575823,4.664029
2016-05-27,Fixed Income,1.575823,4.639125
2016-05-30,Fixed Income,1.575823,4.596994
2016-05-31,Fixed Income,1.575823,4.631319
2016-06-01,Fixed Income,1.575823,4.622428
2016-06-02,Fixed Income,1.575823,4.682202
2016-06-03,Fixed Income,1.575823,4.822504
2016-06-06,Fixed Income,1.575823,4.788944
2016-06-07,Fixed Income,1.575823,4.823003
2016-06-08,Fixed Income,1.575823,4.824307
2016-06-09,Fixed Income,1.575823,4.866017
2016-06-10,Fixed Income,1.575823,4.912883
2016-06-13,Fixed Income,1.575823,4.930959
2016-06-14,Fixed Income,1.575823,4.978853
2016-06-15,Fixed Income,1.575823,5.02515
2016-06-16,Fixed Income,1.575823,5.054298
2016-06-17,Fixed Income,1.575823,5.008418
2016-06-20,Fixed Income,1.575823,4.917389
2016-06-21,Fixed Income,1.575823,4.883543
2016-06-22,Fixed Income,1.575823,4.904668
2016-06-23,Fixed Income,1.575823,4.790345
2016-06-24,Fixed Income,1.575823,5.064582
2016-06-27,Fixed Income,1.575823,5.202584
2016-06-28,Fixed Income,1.575823,5.209252
2016-06-29,Fixed Income,1.575823,5.18524
2016-06-30,Fixed Income,1.575823,5.121093
2016-07-01,Fixed Income,1.575823,5.213362
2016-07-04,Fixed Income,1.575823,5.242502
2016-07-05,Fixed Income,1.575823,5.343283
2016-07-06,Fixed Income,1.575823,5.32323
2016-07-07,Fixed Income,1.575823,5.323544
2016-07-08,Fixed Income,1.575823,5.366247
2016-07-11,Fixed Income,1.575823,5.293361
2016-07-12,Fixed Income,1.575823,5.192259
2016-07-13,Fixed Income,1.614247,5.248174
2016-07-14,Fixed Income,1.519914,5.183542
2016-07-15,Fixed Income,1.457204,5.110288
2016-07-18,Fixed Income,1.452797,5.135925
2016-07-19,Fixed Income,1.483203,5.148979
2016-07-20,Fixed Income,1.447459,5.11181
2016-07-21,Fixed Income,1.447321,5.123381
2016-07-22,Fixed Income,1.454636,5.112055
2016-07-25,Fixed Income,1.45127,5.11786
2016-07-26,Fixed Income,1.466677,5.122826
2016-07-27,Fixed Income,1.53494,5.211822
2016-07-28,Fixed Income,1.541263,5.203448
2016-07-29,Fixed Income,1.597572,5.264056
2016-08-01,Fixed Income,1.579517,5.213229
2016-08-02,Fixed Income,1.579517,5.13096
2016-08-03,Fixed Income,1.579517,5.144824
2016-08-04,Fixed Income,1.579517,5.216432
2016-08-05,Fixed Income,1.476852,5.134622
2016-08-08,Fixed Income,1.481335,5.139114
2016-08-09,Fixed Income,1.537026,5.188083
2016-08-10,Fixed Income,1.576623,5.243654
2016-08-11,Fixed Income,1.486205,5.146757
2016-08-12,Fixed Income,1.547612,5.203639
2016-08-15,Fixed Income,1.484086,5.144191
2016-08-16,Fixed Income,1.449965,5.104985
2016-08-17,Fixed Income,1.475977,5.12541
2016-08-18,Fixed Income,1.492328,5.169502
2016-08-19,Fixed Income,1.4482,5.104704
2016-08-22,Fixed Income,1.517658,5.170841
2016-08-23,Fixed Income,1.520938,5.175892
2016-08-24,Fixed Income,1.502307,5.167235
2016-08-25,Fixed Income,1.502307,5.132724
2016-08-26,Fixed Income,1.402748,5.054171
2016-08-29,Fixed Income,1.50426,5.16282
2016-08-30,Fixed Income,1.484958,5.154438
2016-08-31,Fixed Income,1.488141,5.127061
2016-09-01,Fixed Income,1.493091,5.141714
2016-09-02,Fixed Income,1.437437,5.116724
2016-09-05,Fixed Income,1.437437,5.114814
2016-09-06,Fixed Income,1.503527,5.228234
2016-09-07,Fixed Income,1.507021,5.235696
2016-09-08,Fixed Income,1.374529,5.102268
2016-09-09,Fixed Income,1.286667,4.994336
2016-09-12,Fixed Income,1.283024,5.003124
2016-09-13,Fixed Income,1.201164,4.916191
2016-09-14,Fixed Income,1.232899,4.995607
2016-09-15,Fixed Income,1.207277,4.982701
2016-09-16,Fixed Income,1.220785,5.008194
2016-09-19,Fixed Income,1.224009,4.998246
2016-09-20,Fixed Income,1.239691,5.026086
2016-09-21,Fixed Income,1.273656,5.047308
2016-09-22,Fixed Income,1.326229,5.120481
2016-09-23,Fixed Income,1.344418,5.136347
2016-09-26,Fixed Income,1.370018,5.191307
2016-09-27,Fixed Income,1.440959,5.245365
2016-09-28,Fixed Income,1.429651,5.228073
2016-09-29,Fixed Income,1.452012,5.245047
2016-09-30,Fixed Income,1.36157,5.182458
2016-10-03,Fixed Income,1.355484,5.153682
2016-10-04,Fixed Income,1.256017,5.063883
2016-10-05,Fixed Income,1.212807,5.00894
2016-10-06,Fixed Income,1.173293,4.970428
2016-10-07,Fixed Income,1.163603,4.958816
2016-10-10,Fixed Income,1.117059,4.906488
2016-10-11,Fixed Income,1.12853,4.92076
2016-10-12,Fixed Income,1.112447,4.90305
2016-10-13,Fixed Income,1.16824,4.949553
2016-10-14,Fixed Income,1.056201,4.86767
2016-10-17,Fixed Income,1.035312,4.917405
2016-10-18,Fixed Income,1.036297,4.950926
2016-10-19,Fixed Income,1.032108,4.945962
2016-10-20,Fixed Income,1.059708,4.976182
2016-10-21,Fixed Income,1.069566,4.978878
2016-10-24,Fixed Income,1.036433,4.935841
2016-10-25,Fixed Income,1.061072,4.927398
2016-10-26,Fixed Income,1.010353,4.841075
2016-10-27,Fixed Income,0.988297,4.718831
2016-10-28,Fixed Income,0.988297,4.71455
2016-10-31,Fixed Income,1.002193,4.726118
2016-11-01,Fixed Income,1.025292,4.74215
2016-11-02,Fixed Income,1.037862,4.785241
2016-11-03,Fixed Income,1.015513,4.749163
2016-11-04,Fixed Income,1.015513,4.798584
2016-11-07,Fixed Income,1.015513,4.744083
2016-11-08,Fixed Income,1.015513,4.690863
2016-11-09,Fixed Income,1.015513,4.449523
2016-11-10,Fixed Income,1.015513,4.370453
2016-11-11,Fixed Income,1.015513,4.297275
2016-11-14,Fixed Income,1.015513,4.282866
2016-11-15,Fixed Income,0.993449,4.279925
2016-11-16,Fixed Income,1.031959,4.303475
2016-11-17,Fixed Income,0.967197,4.271752
2016-11-18,Fixed Income,0.934579,4.27774
2016-11-21,Fixed Income,0.935982,4.282585
2016-11-22,Fixed Income,0.939093,4.349227
2016-11-23,Fixed Income,0.920135,4.303631
2016-11-24,Fixed Income,0.920135,4.332833
2016-11-25,Fixed Income,0.919855,4.357276
2016-11-28,Fixed Income,0.971032,4.42773
2016-11-29,Fixed Income,0.995642,4.439928
2016-11-30,Fixed Income,0.910004,4.302981
2016-12-01,Fixed Income,0.809118,4.152505
2016-12-02,Fixed Income,0.864475,4.282458
2016-12-05,Fixed Income,0.878116,4.220174
2016-12-06,Fixed Income,0.85173,4.163929
2016-12-07,Fixed Income,0.902885,4.225836
2016-12-08,Fixed Income,0.833949,4.2157
2016-12-09,Fixed Income,0.750745,4.184872
2016-12-12,Fixed Income,0.755945,4.164526
2016-12-13,Fixed Income,0.768208,4.196721
2016-12-14,Fixed Income,0.748097,4.161055
2016-12-15,Fixed Income,0.751487,4.141879
2016-12-16,Fixed Income,0.698972,4.14431
2016-12-19,Fixed Income,0.776108,4.261877
2016-12-20,Fixed Income,0.744388,4.217401
2016-12-21,Fixed Income,0.775886,4.250375
2016-12-22,Fixed Income,0.768248,4.240204
2016-12-23,Fixed Income,0.78707,4.27996
2016-12-27,Fixed Income,0.752036,4.291766
2016-12-28,Fixed Income,0.824375,4.338427
2016-12-29,Fixed Income,0.835621,4.360673
2016-12-30,Fixed Income,0.882304,4.370633
2017-01-02,Fixed Income,0.882304,4.412603
2017-01-03,Fixed Income,0.876397,4.354496
2017-01-04,Fixed Income,0.884049,4.349135
2017-01-05,Fixed Income,1.001097,4.416733
2017-01-06,Fixed Income,0.95594,4.346724
2017-01-09,Fixed Income,1.01386,4.400183
2017-01-10,Fixed Income,1.00223,4.39061
2017-01-11,Fixed Income,1.0196,4.417189
2017-01-12,Fixed Income,1.005363,4.414881
2017-01-13,Fixed Income,0.984793,4.403539
2017-01-16,Fixed Income,0.984793,4.427249
2017-01-17,Fixed Income,1.052358,4.479613
2017-01-18,Fixed Income,0.968484,4.37305
2017-01-19,Fixed Income,0.905818,4.326105
2017-01-20,Fixed Income,0.887692,4.288871
2017-01-23,Fixed Income,0.967146,4.379365
2017-01-24,Fixed Income,0.87635,4.288048
2017-01-25,Fixed Income,0.804951,4.18354
2017-01-26,Fixed Income,0.824565,4.19447
2017-01-27,Fixed Income,0.862187,4.217872
2017-01-30,Fixed Income,0.843006,4.227346
2017-01-31,Fixed Income,0.843006,4.264728
2017-02-01,Fixed Income,0.843006,4.24511
2017-02-02,Fixed Income,0.843006,4.28102
2017-02-03,Fixed Income,0.843006,4.274949
2017-02-06,Fixed Income,0.843006,4.41807
2017-02-07,Fixed Income,0.843006,4.434264
2017-02-08,Fixed Income,0.843006,4.517766
2017-02-09,Fixed Income,0.843006,4.451326
2017-02-10,Fixed Income,0.843006,4.451278
2017-02-13,Fixed Income,0.843006,4.422727
2017-02-14,Fixed Income,0.843006,4.370625
2017-02-15,Fixed Income,0.843006,4.340265
2017-02-16,Fixed Income,0.843006,4.388993
2017-02-17,Fixed Income,0.843006,4.457524
2017-02-20,Fixed Income,0.843006,4.501696
2017-02-21,Fixed Income,0.843006,4.500675
2017-02-22,Fixed Income,0.843006,4.54809
2017-02-23,Fixed Income,0.843006,4.625498
2017-02-24,Fixed Income,0.843006,4.690403
2017-02-27,Fixed Income,0.843006,4.625579
2017-02-28,Fixed Income,0.843006,4.631386
2017-03-01,Fixed Income,0.843006,4.473724
2017-03-02,Fixed Income,0.843006,4.432712
2017-03-03,Fixed Income,0.843006,4.378026
2017-03-06,Fixed Income,0.843006,4.396772
2017-03-07,Fixed Income,0.843006,4.415124
2017-03-08,Fixed Income,0.843006,4.338312
2017-03-09,Fixed Income,0.843006,4.248639
2017-03-10,Fixed Income,0.843006,4.200066
2017-03-13,Fixed Income,0.843006,4.174078
2017-03-14,Fixed Income,0.843006,4.221412
2017-03-15,Fixed Income,0.843006,4.333413
2017-03-16,Fixed Income,0.843006,4.243088
2017-03-17,Fixed Income,0.843006,4.295388
2017-03-20,Fixed Income,0.843006,4.322686
2017-03-21,Fixed Income,0.843006,4.331474
2017-03-22,Fixed Income,0.843006,4.389507
2017-03-23,Fixed Income,0.843006,4.360405
2017-03-24,Fixed Income,0.843006,4.389112
2017-03-27,Fixed Income,0.843006,4.400092
2017-03-28,Fixed Income,0.843006,4.371779
2017-03-29,Fixed Income,0.843006,4.460696
2017-03-30,Fixed Income,0.843006,4.440444
2017-03-31,Fixed Income,0.843006,4.465497
2017-04-03,Fixed Income,0.843006,4.556522
2017-04-04,Fixed Income,0.843006,4.558647
2017-04-05,Fixed Income,0.843006,4.57302
2017-04-06,Fixed Income,0.843006,4.573533
2017-04-07,Fixed Income,0.843006,4.561638
2017-04-10,Fixed Income,0.843006,4.609809
2017-04-11,Fixed Income,0.843006,4.672025
2017-04-12,Fixed Income,0.843006,4.681445
2017-04-13,Fixed Income,0.843006,4.747091
2017-04-17,Fixed Income,0.843006,4.704863
2017-04-18,Fixed Income,0.843006,4.784183
2017-04-19,Fixed Income,0.843006,4.712156
2017-04-20,Fixed Income,0.843006,4.656173
2017-04-21,Fixed Income,0.843006,4.645085
2017-04-24,Fixed Income,0.843006,4.533492
2017-04-25,Fixed Income,0.843006,4.445093
2017-04-26,Fixed Income,0.843006,4.491528
2017-04-27,Fixed Income,0.843006,4.543953
2017-04-28,Fixed Income,0.843006,4.540296
2017-05-01,Fixed Income,0.843006,4.470226
2017-05-02,Fixed Income,0.843006,4.491094
2017-05-03,Fixed Income,0.843006,4.469973
2017-05-04,Fixed Income,0.843006,4.393837
2017-05-05,Fixed Income,0.843006,4.365401
2017-05-08,Fixed Income,0.843006,4.351001
2017-05-09,Fixed Income,0.843006,4.322299
2017-05-10,Fixed Income,0.843006,4.309143
2017-05-11,Fixed Income,0.843006,4.324869
2017-05-12,Fixed Income,0.843006,4.401492
2017-05-15,Fixed Income,0.843006,4.378592
2017-05-16,Fixed Income,0.843006,4.38018
2017-05-17,Fixed Income,0.843006,4.557834
2017-05-18,Fixed Income,0.843006,4.540795
2017-05-19,Fixed Income,0.843006,4.523942
2017-05-22,Fixed Income,0.843006,4.493603
2017-05-23,Fixed Income,0.843006,4.458669
2017-05-24,Fixed Income,0.843006,4.499171
2017-05-25,Fixed Income,0.843006,4.537456
2017-05-26,Fixed Income,0.843006,4.567593
2017-05-29,Fixed Income,0.843006,4.634841
2017-05-30,Fixed Income,0.843006,4.669016
2017-05-31,Fixed Income,0.843006,4.677298
2017-06-01,Fixed Income,0.843006,4.670907
2017-06-02,Fixed Income,0.843006,4.751604
2017-06-05,Fixed Income,0.843006,4.708261
2017-06-06,Fixed Income,0.843006,4.758031
2017-06-07,Fixed Income,0.843006,4.723978
2017-06-08,Fixed Income,0.843006,4.724639
2017-06-09,Fixed Income,0.843006,4.723595
2017-06-12,Fixed Income,0.843006,4.714687
2017-06-13,Fixed Income,0.843006,4.7025
2017-06-14,Fixed Income,0.843006,4.793733
2017-06-15,Fixed Income,0.843006,4.703904
2017-06-16,Fixed Income,0.843006,4.730504
2017-06-19,Fixed Income,0.843006,4.693394
2017-06-20,Fixed Income,0.843006,4.75643
2017-06-21,Fixed Income,0.843006,4.737504
2017-06-22,Fixed Income,0.843006,4.745013
2017-06-23,Fixed Income,0.843006,4.74781
2017-06-26,Fixed Income,0.843006,4.762053
2017-06-27,Fixed Income,0.843006,4.544087
2017-06-28,Fixed Income,0.843006,4.52704
2017-06-29,Fixed Income,0.843006,4.420922
2017-06-30,Fixed Income,0.843006,4.371945
2017-07-03,Fixed Income,0.843006,4.33629
2017-07-04,Fixed Income,0.843006,4.352013
2017-07-05,Fixed Income,0.843006,4.363576
2017-07-06,Fixed Income,0.843006,4.246008
2017-07-07,Fixed Income,0.843006,4.224947
2017-07-10,Fixed Income,0.843006,4.26786
2017-07-11,Fixed Income,0.843006,4.268923
2017-07-12,Fixed Income,0.843006,4.336182
2017-07-13,Fixed Income,0.843006,4.30594
2017-07-14,Fixed Income,0.843006,4.31692
2017-07-17,Fixed Income,0.843006,4.349468
2017-07-18,Fixed Income,0.843006,4.410688
2017-07-19,Fixed Income,0.843006,4.418139
2017-07-20,Fixed Income,0.843006,4.426501
2017-07-21,Fixed Income,0.843006,4.488152
2017-07-24,Fixed Income,0.843006,4.475736
2017-07-25,Fixed Income,0.843006,4.348822
2017-07-26,Fixed Income,0.843006,4.405368
2017-07-27,Fixed Income,0.843006,4.398521
2017-07-28,Fixed Income,0.843006,4.414703
2017-07-31,Fixed Income,0.843006,4.400829
2017-08-01,Fixed Income,0.843006,4.507269
2017-08-02,Fixed Income,0.843006,4.494676
2017-08-03,Fixed Income,0.843006,4.555771
2017-08-04,Fixed Income,0.843006,4.50499
2017-08-07,Fixed Income,0.843006,4.524642
2017-08-08,Fixed Income,0.843006,4.490818
2017-08-09,Fixed Income,0.843006,4.577547
2017-08-10,Fixed Income,0.843006,4.62806
2017-08-11,Fixed Income,0.843006,4.671197
2017-08-14,Fixed Income,0.843006,4.617665
2017-08-15,Fixed Income,0.843006,4.556321
2017-08-16,Fixed Income,0.843006,4.607494
2017-08-17,Fixed Income,0.843006,4.650089
2017-08-18,Fixed Income,0.843006,4.641344
2017-08-21,Fixed Income,0.843006,4.689293
2017-08-22,Fixed Income,0.843006,4.64667
2017-08-23,Fixed Income,0.843006,4.726416
2017-08-24,Fixed Income,0.843006,4.708063
2017-08-25,Fixed Income,0.843006,4.731935
2017-08-28,Fixed Income,0.843006,4.756153
2017-08-29,Fixed Income,0.843006,4.807252
2017-08-30,Fixed Income,0.843006,4.788531
2017-08-31,Fixed Income,0.843006,4.810689
2017-09-01,Fixed Income,0.843006,4.742717
2017-09-04,Fixed Income,0.843006,4.775553
2017-09-05,Fixed Income,0.843006,4.927108
2017-09-06,Fixed Income,0.843006,4.841702
2017-09-07,Fixed Income,0.843006,4.956739
2017-09-08,Fixed Income,0.843006,4.934029
2017-09-11,Fixed Income,0.843006,4.81429
2017-09-12,Fixed Income,0.843006,4.703999
2017-09-13,Fixed Income,0.843006,4.673223
2017-09-14,Fixed Income,0.843006,4.66311
2017-09-15,Fixed Income,0.843006,4.628443
2017-09-18,Fixed Income,0.843006,4.577266
2017-09-19,Fixed Income,0.843006,4.575619
2017-09-20,Fixed Income,0.843006,4.516706
2017-09-21,Fixed Income,0.843006,4.532758
2017-09-22,Fixed Income,0.843006,4.550275
2017-09-25,Fixed Income,0.843006,4.65241
2017-09-26,Fixed Income,0.843006,4.634885
2017-09-27,Fixed Income,0.843006,4.490474
2017-09-28,Fixed Income,0.843006,4.500208
2017-09-29,Fixed Income,0.843006,4.491494
2017-10-02,Fixed Income,0.843006,4.495371
2017-10-03,Fixed Income,0.843006,4.492738
2017-10-04,Fixed Income,0.843006,4.50012
2017-10-05,Fixed Income,0.843006,4.481161
2017-10-06,Fixed Income,0.843006,4.446445
2017-10-09,Fixed Income,0.843006,4.47668
2017-10-10,Fixed Income,0.843006,4.490049
2017-10-11,Fixed Income,0.843006,4.477126
2017-10-12,Fixed Income,0.843006,4.532655
2017-10-13,Fixed Income,0.843006,4.624581
2017-10-16,Fixed Income,0.843006,4.62856
2017-10-17,Fixed Income,0.843006,4.640036
2017-10-18,Fixed Income,0.843006,4.554973
2017-10-19,Fixed Income,0.843006,4.578446
2017-10-20,Fixed Income,0.843006,4.461222
2017-10-23,Fixed Income,0.843006,4.487029
2017-10-24,Fixed Income,0.843006,4.420533
2017-10-25,Fixed Income,0.843006,4.371707
2017-10-26,Fixed Income,0.843006,4.432343
2017-10-27,Fixed Income,0.843006,4.498176
2017-10-30,Fixed Income,0.843006,4.575624
2017-10-31,Fixed Income,0.843006,4.566352
2017-11-01,Fixed Income,0.843006,4.557514
2017-11-02,Fixed Income,0.843006,4.60176
2017-11-03,Fixed Income,0.843006,4.616475
2017-11-06,Fixed Income,0.843006,4.672665
2017-11-07,Fixed Income,0.843006,4.700052
2017-11-08,Fixed Income,0.843006,4.676451
2017-11-09,Fixed Income,0.843006,4.625874
2017-11-10,Fixed Income,0.843006,4.503107
2017-11-13,Fixed Income,0.843006,4.487463
2017-11-14,Fixed Income,0.843006,4.529519
2017-11-15,Fixed Income,0.843006,4.602756
2017-11-16,Fixed Income,0.843006,4.563473
2017-11-17,Fixed Income,0.843006,4.586408
2017-11-20,Fixed Income,0.843006,4.56469
2017-11-21,Fixed Income,0.843006,4.594099
2017-11-22,Fixed Income,0.843006,4.616442
2017-11-23,Fixed Income,0.843006,4.603061
2017-11-24,Fixed Income,0.843006,4.585412
2017-11-27,Fixed Income,0.843006,4.631919
2017-11-28,Fixed Income,0.843006,4.604516
2017-11-29,Fixed Income,0.843006,4.501855
2017-11-30,Fixed Income,0.843006,4.456823
2017-12-01,Fixed Income,0.843006,4.609121
2017-12-04,Fixed Income,0.843006,4.562911
2017-12-05,Fixed Income,0.843006,4.622039
2017-12-06,Fixed Income,0.843006,4.665097
2017-12-07,Fixed Income,0.843006,4.624334
2017-12-08,Fixed Income,0.843006,4.603043
2017-12-11,Fixed Income,0.843006,4.605558
2017-12-12,Fixed Income,0.843006,4.571802
2017-12-13,Fixed Income,0.843006,4.642523
2017-12-14,Fixed Income,0.843006,4.644969
2017-12-15,Fixed Income,0.843006,4.631504
2017-12-18,Fixed Income,0.843006,4.5626
2017-12-19,Fixed Income,0.843006,4.410061
2017-12-20,Fixed Income,0.843006,4.303143
2017-12-21,Fixed Income,0.843006,4.297778
2017-12-22,Fixed Income,0.843006,4.284128
2017-12-26,Fixed Income,0.843006,4.332745
2017-12-27,Fixed Income,0.843006,4.433295
2017-12-28,Fixed Income,0.843006,4.375017
2017-12-29,Fixed Income,0.843006,4.401661
2018-01-02,Fixed Income,0.843006,4.321906
2018-01-03,Fixed Income,0.843006,4.356618
2018-01-04,Fixed Income,0.843006,4.362966
2018-01-05,Fixed Income,0.843006,4.333776
2018-01-08,Fixed Income,0.843006,4.344872
2018-01-09,Fixed Income,0.843006,4.240127
2018-01-10,Fixed Income,0.843006,4.235662
2018-01-11,Fixed Income,0.843006,4.158472
2018-01-12,Fixed Income,0.843006,4.145613
2018-01-15,Fixed Income,0.843006,4.117739
2018-01-16,Fixed Income,0.843006,4.164034
2018-01-17,Fixed Income,0.843006,4.112848
2018-01-18,Fixed Income,0.843006,4.066756
2018-01-19,Fixed Income,0.843006,4.067633
2018-01-22,Fixed Income,0.843006,4.037918
2018-01-23,Fixed Income,0.843006,4.078318
2018-01-24,Fixed Income,0.843006,4.022485
2018-01-25,Fixed Income,0.843006,4.016116
2018-01-26,Fixed Income,0.843006,3.916668
2018-01-29,Fixed Income,0.843006,3.827886
2018-01-30,Fixed Income,0.843006,3.791935
2018-01-31,Fixed Income,0.843006,3.768217
2018-02-01,Fixed Income,0.843006,3.70385
2018-02-02,Fixed Income,0.843006,3.61439
2018-02-05,Fixed Income,0.843006,3.773391
2018-02-06,Fixed Income,0.843006,3.75742
2018-02-07,Fixed Income,0.843006,3.631334
2018-02-08,Fixed Income,0.843006,3.614307
2018-02-09,Fixed Income,0.843006,3.643364
2018-02-12,Fixed Income,0.843006,3.629847
2018-02-13,Fixed Income,0.843006,3.662411
2018-02-14,Fixed Income,0.843006,3.55901
2018-02-15,Fixed Income,0.843006,3.576883
2018-02-16,Fixed Income,0.843006,3.638832
2018-02-19,Fixed Income,0.843006,3.617942
2018-02-20,Fixed Income,0.843006,3.613131
2018-02-21,Fixed Income,0.843006,3.568977
2018-02-22,Fixed Income,0.843006,3.616236
2018-02-23,Fixed Income,0.843006,3.724039
2018-02-26,Fixed Income,0.843006,3.710552
2018-02-27,Fixed Income,0.843006,3.645272
2018-02-28,Fixed Income,0.843006,3.709384
2018-03-01,Fixed Income,0.843006,3.800943
2018-03-02,Fixed Income,0.843006,3.73446
2018-03-05,Fixed Income,0.843006,3.709362
2018-03-06,Fixed Income,0.843006,3.68568
2018-03-07,Fixed Income,0.843006,3.686031
2018-03-08,Fixed Income,0.843006,3.745201
2018-03-09,Fixed Income,0.843006,3.714139
2018-03-12,Fixed Income,0.843006,3.767822
2018-03-13,Fixed Income,0.843006,3.795175
2018-03-14,Fixed Income,0.843006,3.853227
2018-03-15,Fixed Income,0.843006,3.872798
2018-03-16,Fixed Income,0.843006,3.858432
2018-03-19,Fixed Income,0.843006,3.863547
2018-03-20,Fixed Income,0.843006,3.812255
2018-03-21,Fixed Income,0.843006,3.781781
2018-03-22,Fixed Income,0.843006,3.932075
2018-03-23,Fixed Income,0.843006,3.935841
2018-03-26,Fixed Income,0.843006,3.925551
2018-03-27,Fixed Income,0.843006,4.020283
2018-03-28,Fixed Income,0.843006,4.01019
2018-03-29,Fixed Income,0.843006,4.069324
2018-04-02,Fixed Income,0.843006,4.090401
2018-04-03,Fixed Income,0.843006,4.019769
2018-04-04,Fixed Income,0.843006,4.027142
2018-04-05,Fixed Income,0.843006,3.96119
2018-04-06,Fixed Income,0.843006,4.051386
2018-04-09,Fixed Income,0.843006,4.038138
2018-04-10,Fixed Income,0.843006,3.993694
2018-04-11,Fixed Income,0.843006,4.022451
2018-04-12,Fixed Income,0.843006,3.975642
2018-04-13,Fixed Income,0.843006,3.983618
2018-04-16,Fixed Income,0.843006,3.962905
2018-04-17,Fixed Income,0.843006,4.015794
2018-04-18,Fixed Income,0.843006,3.917032
2018-04-19,Fixed Income,0.843006,3.800068
2018-04-20,Fixed Income,0.843006,3.752315
2018-04-23,Fixed Income,0.843006,3.715972
2018-04-24,Fixed Income,0.843006,3.714526
2018-04-25,Fixed Income,0.843006,3.655224
2018-04-26,Fixed Income,0.843006,3.73738
2018-04-27,Fixed Income,0.843006,3.794075
2018-04-30,Fixed Income,0.843006,3.845759
2018-05-01,Fixed Income,0.843006,3.779499
2018-05-02,Fixed Income,0.843006,3.771326
2018-05-03,Fixed Income,0.845336,3.840611
2018-05-04,Fixed Income,0.853541,3.836313
2018-05-07,Fixed Income,0.844486,3.840012
2018-05-08,Fixed Income,0.818032,3.796505
2018-05-09,Fixed Income,0.818032,3.754505
2018-05-10,Fixed Income,0.818032,3.787116
2018-05-11,Fixed Income,0.818032,3.777758
2018-05-14,Fixed Income,0.818032,3.690541
2018-05-15,Fixed Income,0.818032,3.544977
2018-05-16,Fixed Income,0.818032,3.585807
2018-05-17,Fixed Income,0.818032,3.548211
2018-05-18,Fixed Income,0.861072,3.664792
2018-05-21,Fixed Income,0.869218,3.718661
2018-05-22,Fixed Income,0.865952,3.692359
2018-05-23,Fixed Income,0.839984,3.813574
2018-05-24,Fixed Income,0.839984,3.854608
2018-05-25,Fixed Income,0.839984,3.987484
2018-05-28,Fixed Income,0.839984,4.144012
2018-05-29,Fixed Income,0.839984,4.411093
2018-05-30,Fixed Income,0.839984,4.234633
2018-05-31,Fixed Income,0.839984,4.248384
2018-06-01,Fixed Income,0.839984,4.164839
2018-06-04,Fixed Income,0.839984,4.110627
2018-06-05,Fixed Income,0.839984,4.149521
2018-06-06,Fixed Income,0.839984,4.040497
2018-06-07,Fixed Income,0.839984,4.085403
2018-06-08,Fixed Income,0.839984,4.092401
2018-06-11,Fixed Income,0.839984,4.044982
2018-06-12,Fixed Income,0.839984,4.046413
2018-06-13,Fixed Income,0.839984,4.020931
2018-06-14,Fixed Income,0.839984,4.112188
2018-06-15,Fixed Income,0.839984,4.134583
2018-06-18,Fixed Income,0.839984,4.13709
2018-06-19,Fixed Income,0.839984,4.184251
2018-06-20,Fixed Income,0.839984,4.151217
2018-06-21,Fixed Income,0.839984,4.219737
2018-06-22,Fixed Income,0.839984,4.211155
2018-06-25,Fixed Income,0.839984,4.232943
2018-06-26,Fixed Income,0.839984,4.221363
2018-06-27,Fixed Income,0.839984,4.285296
2018-06-28,Fixed Income,0.839984,4.259628
2018-06-29,Fixed Income,0.839984,4.260469
2018-07-02,Fixed Income,0.839984,4.254099
2018-07-03,Fixed Income,0.839984,4.294058
2018-07-04,Fixed Income,0.839984,4.240006
2018-07-05,Fixed Income,0.839984,4.250936
2018-07-06,Fixed Income,0.839984,4.271091
2018-07-09,Fixed Income,0.839984,4.233294
2018-07-10,Fixed Income,0.839984,4.212011
2018-07-11,Fixed Income,0.839984,4.249135
2018-07-12,Fixed Income,0.839984,4.241314
2018-07-13,Fixed Income,0.839984,4.280079
2018-07-16,Fixed Income,0.839984,4.236087
2018-07-17,Fixed Income,0.839984,4.233573
2018-07-18,Fixed Income,0.839984,4.226493
2018-07-19,Fixed Income,0.839984,4.269293
2018-07-20,Fixed Income,0.839984,4.179058
2018-07-23,Fixed Income,0.839984,4.080361
2018-07-24,Fixed Income,0.839984,4.11004
2018-07-25,Fixed Income,0.839984,4.099998
2018-07-26,Fixed Income,0.839984,4.063999
2018-07-27,Fixed Income,0.839984,4.083836
2018-07-30,Fixed Income,0.839984,4.036164
2018-07-31,Fixed Income,0.839984,4.040544
2018-08-01,Fixed Income,0.839984,3.968502
2018-08-02,Fixed Income,0.839984,4.009011
2018-08-03,Fixed Income,0.839984,4.088617
2018-08-06,Fixed Income,0.839984,4.115294
2018-08-07,Fixed Income,0.839984,4.063636
2018-08-08,Fixed Income,0.839984,4.0821
2018-08-09,Fixed Income,0.839984,4.143485
2018-08-10,Fixed Income,0.839984,4.277711
2018-08-13,Fixed Income,0.839984,4.270809
2018-08-14,Fixed Income,0.839984,4.239633
2018-08-15,Fixed Income,0.839984,4.305228
2018-08-16,Fixed Income,0.839984,4.2796
2018-08-17,Fixed Income,0.839984,4.283002
2018-08-20,Fixed Income,0.839984,4.34041
2018-08-21,Fixed Income,0.839984,4.283595
2018-08-22,Fixed Income,0.839984,4.294988
2018-08-23,Fixed Income,0.839984,4.291543
2018-08-24,Fixed Income,0.839984,4.276433
2018-08-27,Fixed Income,0.839984,4.215819
2018-08-28,Fixed Income,0.839984,4.17111
2018-08-29,Fixed Income,0.839984,4.151428
2018-08-30,Fixed Income,0.839984,4.236821
2018-08-31,Fixed Income,0.839984,4.256012
2018-09-03,Fixed Income,0.839984,4.263137
2018-09-04,Fixed Income,0.839984,4.177301
2018-09-05,Fixed Income,0.839984,4.140229
2018-09-06,Fixed Income,0.839984,4.203235
2018-09-07,Fixed Income,0.839984,4.099835
2018-09-10,Fixed Income,0.839984,4.089594
2018-09-11,Fixed Income,0.839984,4.015153
2018-09-12,Fixed Income,0.839984,4.052963
2018-09-13,Fixed Income,0.839984,4.042956
2018-09-14,Fixed Income,0.839984,3.985484
2018-09-17,Fixed Income,0.839984,3.949459
2018-09-18,Fixed Income,0.839984,3.879154
2018-09-19,Fixed Income,0.839984,3.838144
2018-09-20,Fixed Income,0.839984,3.86738
2018-09-21,Fixed Income,0.839984,3.892134
2018-09-24,Fixed Income,0.839984,3.807777
2018-09-25,Fixed Income,0.839984,3.7453
2018-09-26,Fixed Income,0.839984,3.815781
2018-09-27,Fixed Income,0.839984,3.813419
2018-09-28,Fixed Income,0.839984,3.87051
2018-10-01,Fixed Income,0.839984,3.848952
2018-10-02,Fixed Income,0.839984,3.936652
2018-10-03,Fixed Income,0.839984,3.722248
2018-10-04,Fixed Income,0.839984,3.660613
2018-10-05,Fixed Income,0.839984,3.601499
2018-10-08,Fixed Income,0.839984,3.636029
2018-10-09,Fixed Income,0.839984,3.652768
2018-10-10,Fixed Income,0.839984,3.634978
2018-10-11,Fixed Income,0.839984,3.759357
2018-10-12,Fixed Income,0.839984,3.770419
2018-10-15,Fixed Income,0.839984,3.740491
2018-10-16,Fixed Income,0.839984,3.76044
2018-10-17,Fixed Income,0.839984,3.754398
2018-10-18,Fixed Income,0.839984,3.832707
2018-10-19,Fixed Income,0.839984,3.756736
2018-10-22,Fixed Income,0.839984,3.764376
2018-10-23,Fixed Income,0.839984,3.820729
2018-10-24,Fixed Income,0.839984,3.894216
2018-10-25,Fixed Income,0.839984,3.882773
2018-10-26,Fixed Income,0.839984,3.970072
2018-10-29,Fixed Income,0.839984,3.945321
2018-10-30,Fixed Income,0.839984,3.91689
2018-10-31,Fixed Income,0.839984,3.866556
2018-11-01,Fixed Income,0.839984,3.869838
2018-11-02,Fixed Income,0.839984,3.771097
2018-11-05,Fixed Income,0.839984,3.798767
2018-11-06,Fixed Income,0.839984,3.7794
2018-11-07,Fixed Income,0.839984,3.745006
2018-11-08,Fixed Income,0.839984,3.730196
2018-11-09,Fixed Income,0.839984,3.815424
2018-11-12,Fixed Income,0.839984,3.874577
2018-11-13,Fixed Income,0.839984,3.893211
2018-11-14,Fixed Income,0.839984,3.91157
2018-11-15,Fixed Income,0.839984,3.943673
2018-11-16,Fixed Income,0.839984,3.995883
2018-11-19,Fixed Income,0.839984,4.007472
2018-11-20,Fixed Income,0.839984,4.02665
2018-11-21,Fixed Income,0.839984,4.002335
2018-11-22,Fixed Income,0.839984,3.996721
2018-11-23,Fixed Income,0.839984,4.025659
2018-11-26,Fixed Income,0.839984,4.0051
2018-11-27,Fixed Income,0.839984,4.033378
2018-11-28,Fixed Income,0.839984,4.032785
2018-11-29,Fixed Income,0.839984,4.080071
2018-11-30,Fixed Income,0.839984,4.122683
2018-12-03,Fixed Income,0.839984,4.167653
2018-12-04,Fixed Income,0.839984,4.308837
2018-12-05,Fixed Income,0.839984,4.22722
2018-12-06,Fixed Income,0.839984,4.31672
2018-12-07,Fixed Income,0.839984,4.345528
2018-12-10,Fixed Income,0.839984,4.311696
2018-12-11,Fixed Income,0.839984,4.304439
2018-12-12,Fixed Income,0.839984,4.217413
2018-12-13,Fixed Income,0.839984,4.222539
2018-12-14,Fixed Income,0.839984,4.282902
2018-12-17,Fixed Income,0.839984,4.313236
2018-12-18,Fixed Income,0.839984,4.353356
2018-12-19,Fixed Income,0.839984,4.436055
2018-12-20,Fixed Income,0.839984,4.404319
2018-12-21,Fixed Income,0.839984,4.405935
2018-12-24,Fixed Income,0.839984,4.49719
2018-12-26,Fixed Income,0.839984,4.40159
2018-12-27,Fixed Income,0.728723,4.490302
2018-12-28,Fixed Income,0.728584,4.480755
2018-12-31,Fixed Income,0.629165,4.560318
2019-01-02,Fixed Income,0.549139,4.714663
2019-01-03,Fixed Income,0.346934,4.843645
2019-01-04,Fixed Income,0.51044,4.666585
2019-01-07,Fixed Income,0.537963,4.616087
2019-01-08,Fixed Income,0.576679,4.582721
2019-01-09,Fixed Income,0.552448,4.586442
2019-01-10,Fixed Income,0.552448,4.598715
2019-01-11,Fixed Income,0.552448,4.642457
2019-01-14,Fixed Income,0.552448,4.643463
2019-01-15,Fixed Income,0.552448,4.660587
2019-01-16,Fixed Income,0.552448,4.638092
2019-01-17,Fixed Income,0.552448,4.592668
2019-01-18,Fixed Income,0.552448,4.531742
2019-01-21,Fixed Income,0.552448,4.551927
2019-01-22,Fixed Income,0.552448,4.635452
2019-01-23,Fixed Income,0.552448,4.603033
2019-01-24,Fixed Income,0.552448,4.69799
2019-01-25,Fixed Income,0.552448,4.641995
2019-01-28,Fixed Income,0.552448,4.627855
2019-01-29,Fixed Income,0.552448,4.680228
2019-01-30,Fixed Income,0.552448,4.701233
2019-01-31,Fixed Income,0.618495,4.772481
2019-02-01,Fixed Income,0.549328,4.714956
2019-02-04,Fixed Income,0.486789,4.673063
2019-02-05,Fixed Income,0.526004,4.683498
2019-02-06,Fixed Income,0.522871,4.691158
2019-02-07,Fixed Income,0.60046,4.814099
2019-02-08,Fixed Income,0.63467,4.843588
2019-02-11,Fixed Income,0.587801,4.782066
2019-02-12,Fixed Income,0.549879,4.749026
2019-02-13,Fixed Income,0.522668,4.733679
2019-02-14,Fixed Income,0.522668,4.795297
2019-02-15,Fixed Income,0.522668,4.793909
2019-02-18,Fixed Income,0.522668,4.778948
2019-02-19,Fixed Income,0.522668,4.799184
2019-02-20,Fixed Income,0.522668,4.794538
2019-02-21,Fixed Income,0.522668,4.71464
2019-02-22,Fixed Income,0.522668,4.784336
2019-02-25,Fixed Income,0.522668,4.750925
2019-02-26,Fixed Income,0.522668,4.78281
2019-02-27,Fixed Income,0.522668,4.666406
2019-02-28,Fixed Income,0.522668,4.607981
2019-03-01,Fixed Income,0.433913,4.544016
2019-03-04,Fixed Income,0.489485,4.618226
2019-03-05,Fixed Income,0.48943,4.622633
2019-03-06,Fixed Income,0.533722,4.690873
2019-03-07,Fixed Income,0.620696,4.823499
2019-03-08,Fixed Income,0.638003,4.824177
2019-03-11,Fixed Income,0.604486,4.794719
2019-03-12,Fixed Income,0.680091,4.849966
2019-03-13,Fixed Income,0.652771,4.806954
2019-03-14,Fixed Income,0.591502,4.781279
2019-03-15,Fixed Income,0.658135,4.818924
2019-03-18,Fixed Income,0.652026,4.797341
2019-03-19,Fixed Income,0.617715,4.760071
2019-03-20,Fixed Income,0.735489,4.875617
2019-03-21,Fixed Income,0.749205,4.890115
2019-03-22,Fixed Income,0.885076,5.047951
2019-03-25,Fixed Income,0.856276,5.082003
2019-03-26,Fixed Income,0.856276,5.077083
2019-03-27,Fixed Income,0.856276,5.205827
2019-03-28,Fixed Income,0.856276,5.162716
2019-03-29,Fixed Income,0.856276,5.151506
2019-04-01,Fixed Income,0.856276,5.026796
2019-04-02,Fixed Income,0.856276,5.055499
2019-04-03,Fixed Income,0.856276,4.976408
2019-04-04,Fixed Income,0.856276,4.990401
2019-04-05,Fixed Income,0.856276,4.991315
2019-04-08,Fixed Income,0.856276,4.96904
2019-04-09,Fixed Income,0.856276,5.003821
2019-04-10,Fixed Income,0.856276,5.052728
2019-04-11,Fixed Income,0.856276,5.001898
2019-04-12,Fixed Income,0.856276,4.87246
2019-04-15,Fixed Income,0.856276,4.885953
2019-04-16,Fixed Income,0.856276,4.834613
2019-04-17,Fixed Income,0.856276,4.823699
2019-04-18,Fixed Income,0.856276,4.91144
2019-04-22,Fixed Income,0.856276,4.854811
2019-04-23,Fixed Income,0.856276,4.85901
2019-04-24,Fixed Income,0.856276,4.963284
2019-04-25,Fixed Income,0.856276,4.944636
2019-04-26,Fixed Income,0.856276,4.984884
2019-04-29,Fixed Income,0.856276,4.920916
2019-04-30,Fixed Income,0.856276,4.946187
2019-05-01,Fixed Income,0.856276,4.941734
2019-05-02,Fixed Income,0.856276,4.886067
2019-05-03,Fixed Income,0.856276,4.908962
2019-05-06,Fixed Income,0.856276,4.95202
2019-05-07,Fixed Income,0.856276,5.057199
2019-05-08,Fixed Income,0.856276,5.024045
2019-05-09,Fixed Income,0.856276,5.067681
2019-05-10,Fixed Income,0.856276,5.051173
2019-05-13,Fixed Income,0.856276,5.134598
2019-05-14,Fixed Income,0.856276,5.131667
2019-05-15,Fixed Income,0.856276,5.200197
2019-05-16,Fixed Income,0.856276,5.171735
2019-05-17,Fixed Income,0.856276,5.18667
2019-05-20,Fixed Income,0.856276,5.141936
2019-05-21,Fixed Income,0.856276,5.105711
2019-05-22,Fixed Income,0.856276,5.168134
2019-05-23,Fixed Income,0.856276,5.29803
2019-05-24,Fixed Income,0.856276,5.274193
2019-05-27,Fixed Income,0.856276,5.326155
2019-05-28,Fixed Income,0.856276,5.409929
2019-05-29,Fixed Income,0.856276,5.445178
2019-05-30,Fixed Income,0.856276,5.483163
2019-05-31,Fixed Income,0.856276,5.590753
2019-06-03,Fixed Income,0.856276,5.641326
2019-06-04,Fixed Income,0.856276,5.59461
2019-06-05,Fixed Income,0.856276,5.62551
2019-06-06,Fixed Income,0.856276,5.606619
2019-06-07,Fixed Income,0.856276,5.690141
2019-06-10,Fixed Income,0.856276,5.595295
2019-06-11,Fixed Income,0.856276,5.61871
2019-06-12,Fixed Income,0.856276,5.63321
2019-06-13,Fixed Income,0.856276,5.672127
2019-06-14,Fixed Income,0.856276,5.684269
2019-06-17,Fixed Income,0.856276,5.684395
2019-06-18,Fixed Income,0.856276,5.838818
2019-06-19,Fixed Income,0.856276,5.828891
2019-06-20,Fixed Income,0.856276,5.846615
2019-06-21,Fixed Income,0.856276,5.74189
2019-06-24,Fixed Income,0.856276,5.811324
2019-06-25,Fixed Income,0.856276,5.856882
2019-06-26,Fixed Income,0.856276,5.762013
2019-06-27,Fixed Income,0.856276,5.826697
2019-06-28,Fixed Income,0.856276,5.834478
2019-07-01,Fixed Income,0.856276,5.845346
2019-07-02,Fixed Income,0.856276,5.914938
2019-07-03,Fixed Income,0.856276,5.933716
2019-07-04,Fixed Income,0.856276,5.971433
2019-07-05,Fixed Income,0.856276,5.847371
2019-07-08,Fixed Income,0.856276,5.842176
2019-07-09,Fixed Income,0.856276,5.812707
2019-07-10,Fixed Income,0.856276,5.762365
2019-07-11,Fixed Income,0.856276,5.643527
2019-07-12,Fixed Income,0.856276,5.667702
2019-07-15,Fixed Income,0.859297,5.720841
2019-07-16,Fixed Income,0.822017,5.708529
2019-07-17,Fixed Income,0.917509,5.804891
2019-07-18,Fixed Income,0.935157,5.866044
2019-07-19,Fixed Income,0.909355,5.840686
2019-07-22,Fixed Income,0.909355,5.867537
2019-07-23,Fixed Income,0.909355,5.847712
2019-07-24,Fixed Income,0.909355,5.888348
2019-07-25,Fixed Income,0.909355,5.858597
2019-07-26,Fixed Income,0.909355,5.851803
2019-07-29,Fixed Income,0.909355,5.886966
2019-07-30,Fixed Income,0.909355,5.883116
2019-07-31,Fixed Income,0.909355,5.960742
2019-08-01,Fixed Income,0.909355,6.140236
2019-08-02,Fixed Income,0.909355,6.151791
2019-08-05,Fixed Income,0.909355,6.289753
2019-08-06,Fixed Income,0.909355,6.312063
2019-08-07,Fixed Income,0.909355,6.397396
2019-08-08,Fixed Income,0.909355,6.404324
2019-08-09,Fixed Income,0.906267,6.368268
2019-08-12,Fixed Income,0.745554,6.477412
2019-08-13,Fixed Income,0.778441,6.452423
2019-08-14,Fixed Income,0.641815,6.565828
2019-08-15,Fixed Income,0.586951,6.692776
2019-08-16,Fixed Income,0.597168,6.644753
2019-08-19,Fixed Income,0.68592,6.554297
2019-08-20,Fixed Income,0.636148,6.62894
2019-08-21,Fixed Income,0.648267,6.584635
2019-08-22,Fixed Income,0.626505,6.521849
2019-08-23,Fixed Income,0.626505,6.622482
2019-08-26,Fixed Income,0.626505,6.584351
2019-08-27,Fixed Income,0.626505,6.670263
2019-08-28,Fixed Income,0.626505,6.680167
2019-08-29,Fixed Income,0.626505,6.6543
2019-08-30,Fixed Income,0.604448,6.678891
2019-09-02,Fixed Income,0.604448,6.672564
2019-09-03,Fixed Income,0.559646,6.679145
2019-09-04,Fixed Income,0.537164,6.677772
2019-09-05,Fixed Income,0.537164,6.505873
2019-09-06,Fixed Income,0.537164,6.550541
2019-09-09,Fixed Income,0.537164,6.451249
2019-09-10,Fixed Income,0.537164,6.355414
2019-09-11,Fixed Income,0.537164,6.354364
2019-09-12,Fixed Income,0.537164,6.230329
2019-09-13,Fixed Income,0.386632,6.089837
2019-09-16,Fixed Income,0.461363,6.159083
2019-09-17,Fixed Income,0.44768,6.164517
2019-09-18,Fixed Income,0.523729,6.193728
2019-09-19,Fixed Income,0.546828,6.207154
2019-09-20,Fixed Income,0.62969,6.239724
2019-09-23,Fixed Income,0.721519,6.295907
2019-09-24,Fixed Income,0.870636,6.371261
2019-09-25,Fixed Income,0.67664,6.275677
2019-09-26,Fixed Income,0.679282,6.318973
2019-09-27,Fixed Income,0.643277,6.332132
2019-09-30,Fixed Income,0.623006,6.329696
2019-10-01,Fixed Income,0.64441,6.330385
2019-10-02,Fixed Income,0.680862,6.355715
2019-10-03,Fixed Income,0.745717,6.436248
2019-10-04,Fixed Income,0.781064,6.44912
2019-10-07,Fixed Income,0.761409,6.41007
2019-10-08,Fixed Income,0.761409,6.437693
2019-10-09,Fixed Income,0.761409,6.358331
2019-10-10,Fixed Income,0.761409,6.235028
2019-10-11,Fixed Income,0.761409,6.154164
2019-10-14,Fixed Income,0.761409,6.174731
2019-10-15,Fixed Income,0.761409,6.085563
2019-10-16,Fixed Income,0.761409,6.094412
2019-10-17,Fixed Income,0.761409,6.087334
2019-10-18,Fixed Income,0.744098,6.063952
2019-10-21,Fixed Income,0.696215,6.018648
2019-10-22,Fixed Income,0.734381,6.070164
2019-10-23,Fixed Income,0.736137,6.072695
2019-10-24,Fixed Income,0.72795,6.083659
2019-10-25,Fixed Income,0.689684,6.029694
2019-10-28,Fixed Income,0.618881,5.955669
2019-10-29,Fixed Income,0.644863,5.975668
2019-10-30,Fixed Income,0.703521,6.019341
2019-10-31,Fixed Income,0.819089,6.127067
2019-11-01,Fixed Income,0.77163,6.083819
2019-11-04,Fixed Income,0.69938,6.016758
2019-11-05,Fixed Income,0.600577,5.93299
2019-11-06,Fixed Income,0.666012,5.967582
2019-11-07,Fixed Income,0.527388,5.817592
2019-11-08,Fixed Income,0.512178,5.817571
2019-11-11,Fixed Income,0.517238,5.808765
2019-11-12,Fixed Income,0.545943,5.823822
2019-11-13,Fixed Income,0.582377,5.895066
2019-11-14,Fixed Income,0.643166,5.97141
2019-11-15,Fixed Income,0.622856,5.947468
2019-11-18,Fixed Income,0.650608,5.956986
2019-11-19,Fixed Income,0.684429,5.973063
2019-11-20,Fixed Income,0.7435,6.013455
2019-11-21,Fixed Income,0.70717,5.962878
2019-11-22,Fixed Income,0.716631,5.996586
2019-11-25,Fixed Income,0.716307,5.992038
2019-11-26,Fixed Income,0.750022,6.032458
2019-11-27,Fixed Income,0.717373,6.002335
2019-11-28,Fixed Income,0.717373,5.992644
2019-11-29,Fixed Income,0.694606,5.963741
2019-12-02,Fixed Income,0.59042,5.827182
2019-12-03,Fixed Income,0.762781,6.004319
2019-12-04,Fixed Income,0.681541,5.935122
2019-12-05,Fixed Income,0.660033,5.895576
2019-12-06,Fixed Income,0.642081,5.859808
2019-12-09,Fixed Income,0.642081,5.891001
2019-12-10,Fixed Income,0.642081,5.882811
2019-12-11,Fixed Income,0.642081,5.932467
2019-12-12,Fixed Income,0.642081,5.803361
2019-12-13,Fixed Income,0.642081,5.859902
2019-12-16,Fixed Income,0.642081,5.811033
2019-12-17,Fixed Income,0.642081,5.823897
2019-12-18,Fixed Income,0.642081,5.762284
2019-12-19,Fixed Income,0.642081,5.759494
2019-12-20,Fixed Income,0.642081,5.773087
2019-12-23,Fixed Income,0.642081,5.752364
2019-12-24,Fixed Income,0.642081,5.785454
2019-12-26,Fixed Income,0.642081,5.793185
2019-12-27,Fixed Income,0.642081,5.823166
2019-12-30,Fixed Income,0.642081,5.728719
2019-12-31,Fixed Income,0.642081,5.707425
