year,month,asset,DQN_return,Long_return
2011,1,Commodity,0.236697,0.355801
2011,2,Commodity,0.454851,0.091475
2011,3,Commodity,-0.114423,-0.048669
2011,4,Commodity,-0.077018,0.184149
2011,5,Commodity,-0.115709,-0.377733
2011,6,Commodity,-0.111115,-0.256832
2011,7,Commodity,0.029541,0.359083
2011,8,Commodity,0.157583,0.086058
2011,9,Commodity,-0.120487,-1.051599
2011,10,Commodity,-0.341443,0.354541
2011,11,Commodity,-0.066653,-0.29731
2011,12,Commodity,-0.023094,-0.226201
2012,1,Commodity,0.303679,0.194416
2012,2,Commodity,0.062987,0.221019
2012,3,Commodity,-0.300694,-0.409215
2012,4,Commodity,-0.102695,-0.169571
2012,5,Commodity,-0.664016,-0.710959
2012,6,Commodity,-0.361194,0.430421
2012,7,Commodity,-0.569056,0.279134
2012,8,Commodity,-0.306099,0.274335
2012,9,Commodity,-0.040518,0.058545
2012,10,Commodity,-0.571368,-0.238159
2012,11,Commodity,0.061718,0.026915
2012,12,Commodity,-0.208956,-0.28441
2013,1,Commodity,0.23685,0.11855
2013,2,Commodity,0.015075,-0.510699
2013,3,Commodity,-0.012745,-0.044848
2013,4,Commodity,0.719768,-0.348226
2013,5,Commodity,-0.143491,-0.349704
2013,6,Commodity,0.031235,-0.284025
2013,7,Commodity,-0.081041,0.162087
2013,8,Commodity,0.00659,0.217111
2013,9,Commodity,0.215362,-0.091847
2013,10,Commodity,-0.035718,-0.019008
2013,11,Commodity,-0.115635,-0.024559
2013,12,Commodity,-0.330962,-0.144468
2014,1,Commodity,0.397188,0.262969
2014,2,Commodity,-0.298238,0.878165
2014,3,Commodity,-0.134826,0.180939
2014,4,Commodity,-0.103,0.113079
2014,5,Commodity,-0.393258,-0.335077
2014,6,Commodity,-0.057515,0.233919
2014,7,Commodity,0.064632,-0.440235
2014,8,Commodity,-0.140327,-0.10139
2014,9,Commodity,-0.10478,-0.475356
2014,10,Commodity,0.047686,-0.300113
2014,11,Commodity,-0.166129,-0.278077
2014,12,Commodity,-0.482334,-0.510619
2015,1,Commodity,-0.788846,-0.57391
2015,2,Commodity,-0.04185,-0.046075
2015,3,Commodity,0.081856,-0.258849
2015,4,Commodity,0.067791,-0.006747
2015,5,Commodity,-0.054778,-0.067501
2015,6,Commodity,-0.223651,0.182417
2015,7,Commodity,-0.492554,-0.636319
2015,8,Commodity,-0.354856,-0.099704
2015,9,Commodity,-0.207666,-0.183748
2015,10,Commodity,-0.243043,0.116168
2015,11,Commodity,0.064903,-0.481555
2015,12,Commodity,-0.158641,-0.128507
2016,1,Commodity,0.150856,-0.256353
2016,2,Commodity,0.026951,-0.081901
2016,3,Commodity,-0.287918,0.302138
2016,4,Commodity,-0.497007,0.220918
2016,5,Commodity,0.179146,-0.169219
2016,6,Commodity,-0.437885,0.285929
2016,7,Commodity,0.392497,-0.281856
2016,8,Commodity,0.202235,-0.257781
2016,9,Commodity,-0.330737,0.10764
2016,10,Commodity,0.01122,0.033515
2016,11,Commodity,-0.170945,-0.002195
2016,12,Commodity,0.031344,-0.03885
2017,1,Commodity,-0.094504,0.076861
2017,2,Commodity,-0.109494,0.03273
2017,3,Commodity,0.376454,-0.206587
2017,4,Commodity,0.181443,-0.165345
2017,5,Commodity,-0.348708,0.124089
2017,6,Commodity,-0.054467,0.077754
2017,7,Commodity,-0.366749,0.214095
2017,8,Commodity,0.12684,-0.123109
2017,9,Commodity,-0.024923,-0.107853
2017,10,Commodity,-0.283131,0.192873
2017,11,Commodity,0.040344,-0.026033
2017,12,Commodity,0.085746,-0.116571
2018,1,Commodity,-0.454127,0.328095
2018,2,Commodity,-0.017932,-0.03571
2018,3,Commodity,0.332518,-0.284148
2018,4,Commodity,-0.532481,0.360561
2018,5,Commodity,0.03575,-0.056382
2018,6,Commodity,0.25754,-0.302389
2018,7,Commodity,0.31914,-0.301159
2018,8,Commodity,-0.095266,-0.244328
2018,9,Commodity,-0.013482,-0.011929
2018,10,Commodity,0.15781,-0.095003
2018,11,Commodity,0.182535,-0.157119
2018,12,Commodity,0.37734,-0.245675
2019,1,Commodity,-0.456159,0.277945
2019,2,Commodity,0.026938,-0.127623
2019,3,Commodity,0.02372,-0.083015
2019,4,Commodity,0.148503,-0.193266
2019,5,Commodity,-0.019247,-0.056865
2019,6,Commodity,-0.342445,0.182818
2019,7,Commodity,0.045079,-0.07766
2019,8,Commodity,0.457158,-0.242552
2019,9,Commodity,-0.386807,0.243827
2019,10,Commodity,-0.433683,0.253059
2019,11,Commodity,-0.160699,0.075071
2019,12,Commodity,-0.714952,0.428694
2011,1,Equity Index,-0.168875,0.175091
2011,2,Equity Index,0.121668,0.197493
2011,3,Equity Index,-0.247943,-0.057281
2011,4,Equity Index,0.346959,0.220559
2011,5,Equity Index,0.00603,-0.106137
2011,6,Equity Index,-0.096508,-0.161672
2011,7,Equity Index,-0.050384,-0.201601
2011,8,Equity Index,-0.477577,-0.573676
2011,9,Equity Index,0.565796,-0.271994
2011,10,Equity Index,0.026808,0.322503
2011,11,Equity Index,-0.020503,-0.025345
2011,12,Equity Index,-0.127314,0.059064
2012,1,Equity Index,-0.294213,0.227754
2012,2,Equity Index,0.178036,0.245965
2012,3,Equity Index,0.204048,0.090282
2012,4,Equity Index,-0.170269,-0.154342
2012,5,Equity Index,-0.550838,-0.42925
2012,6,Equity Index,0.190301,0.249742
2012,7,Equity Index,0.034875,0.072114
2012,8,Equity Index,-0.126046,0.146029
2012,9,Equity Index,-0.033054,0.121043
2012,10,Equity Index,0.128434,-0.114246
2012,11,Equity Index,-0.004069,0.110291
2012,12,Equity Index,0.088842,0.09593
2013,1,Equity Index,0.417901,0.39585
2013,2,Equity Index,0.198562,0.036076
2013,3,Equity Index,0.19651,0.239574
2013,4,Equity Index,0.218693,0.062712
2013,5,Equity Index,-0.003766,0.198381
2013,6,Equity Index,0.010543,-0.285313
2013,7,Equity Index,-0.177258,0.457419
2013,8,Equity Index,-0.505249,-0.241808
2013,9,Equity Index,0.364832,0.407021
2013,10,Equity Index,0.257714,0.344828
2013,11,Equity Index,-0.250849,0.201589
2013,12,Equity Index,-0.125529,0.191043
2014,1,Equity Index,0.203726,-0.346428
2014,2,Equity Index,-0.210394,0.359388
2014,3,Equity Index,-0.171365,-0.008469
2014,4,Equity Index,0.138275,0.05532
2014,5,Equity Index,-0.091783,0.235012
2014,6,Equity Index,-0.181724,0.1442
2014,7,Equity Index,-0.105139,-0.247115
2014,8,Equity Index,-0.219793,0.36434
2014,9,Equity Index,-0.144443,-0.174178
2014,10,Equity Index,-0.419527,-0.04629
2014,11,Equity Index,0.07967,0.219457
2014,12,Equity Index,-0.222292,-0.13912
2015,1,Equity Index,-0.315165,-0.033112
2015,2,Equity Index,0.387074,0.358814
2015,3,Equity Index,0.183185,-0.064168
2015,4,Equity Index,-0.078413,0.024519
2015,5,Equity Index,0.09121,0.099055
2015,6,Equity Index,-0.255628,-0.217695
2015,7,Equity Index,0.164597,0.121893
2015,8,Equity Index,-0.817427,-0.611651
2015,9,Equity Index,-0.21114,-0.143592
2015,10,Equity Index,0.014221,0.379063
2015,11,Equity Index,-0.046231,0.060595
2015,12,Equity Index,0.021935,-0.231416
2016,1,Equity Index,-0.346449,-0.348401
2016,2,Equity Index,0.001984,0.012773
2016,3,Equity Index,0.118904,0.273879
2016,4,Equity Index,-0.276826,0.029261
2016,5,Equity Index,-0.034328,0.168508
2016,6,Equity Index,0.198013,-0.16702
2016,7,Equity Index,0.144463,0.210845
2016,8,Equity Index,-0.075983,0.032024
2016,9,Equity Index,0.057997,-0.019101
2016,10,Equity Index,-0.133568,-0.104607
2016,11,Equity Index,0.44729,0.267136
2016,12,Equity Index,0.444662,0.299826
2017,1,Equity Index,-0.050427,0.092151
2017,2,Equity Index,-0.261088,0.418531
2017,3,Equity Index,-0.135858,0.167127
2017,4,Equity Index,-0.013943,0.167013
2017,5,Equity Index,-0.200238,0.14921
2017,6,Equity Index,-0.102754,-0.082696
2017,7,Equity Index,-0.385731,0.14013
2017,8,Equity Index,0.072839,-0.04813
2017,9,Equity Index,0.30477,0.311182
2017,10,Equity Index,-0.067862,0.363771
2017,11,Equity Index,-0.320391,0.207949
2017,12,Equity Index,0.048359,0.072867
2018,1,Equity Index,-0.522731,0.551892
2018,2,Equity Index,-0.10213,-0.602198
2018,3,Equity Index,-0.213499,-0.156852
2018,4,Equity Index,-0.057726,0.107902
2018,5,Equity Index,0.147362,0.102486
2018,6,Equity Index,0.036777,-0.019051
2018,7,Equity Index,0.282167,0.264294
2018,8,Equity Index,-0.287397,0.09208
2018,9,Equity Index,-0.115376,0.029721
2018,10,Equity Index,-0.563335,-0.75178
2018,11,Equity Index,-0.042367,-0.018484
2018,12,Equity Index,-0.512343,-0.435225
2019,1,Equity Index,0.327176,0.330435
2019,2,Equity Index,0.093927,0.225911
2019,3,Equity Index,0.262015,0.127126
2019,4,Equity Index,0.125066,0.319824
2019,5,Equity Index,-0.693048,-0.5694
2019,6,Equity Index,0.510277,0.455975
2019,7,Equity Index,0.083647,0.064953
2019,8,Equity Index,-0.124696,-0.287724
2019,9,Equity Index,0.14887,0.182235
2019,10,Equity Index,-0.147268,0.065426
2019,11,Equity Index,0.1512,0.260492
2019,12,Equity Index,0.187862,0.215241
2011,1,Fixed Income,-0.342344,-0.204541
2011,2,Fixed Income,0.195977,0.098435
2011,3,Fixed Income,-0.175343,-0.14942
2011,4,Fixed Income,0.543611,0.267768
2011,5,Fixed Income,0.16944,0.383156
2011,6,Fixed Income,-0.08642,-0.005267
2011,7,Fixed Income,1.022396,0.542403
2011,8,Fixed Income,0.279783,0.470331
2011,9,Fixed Income,0.315073,0.320517
2011,10,Fixed Income,0.147236,-0.081818
2011,11,Fixed Income,0.121892,-0.017544
2011,12,Fixed Income,0.420901,0.280238
2012,1,Fixed Income,0.169669,0.098286
2012,2,Fixed Income,-0.11447,-0.113262
2012,3,Fixed Income,0.01116,-0.156474
2012,4,Fixed Income,0.439355,0.429493
2012,5,Fixed Income,0.286766,0.549066
2012,6,Fixed Income,-0.249773,-0.299626
2012,7,Fixed Income,0.227936,0.310115
2012,8,Fixed Income,0.022548,-0.028809
2012,9,Fixed Income,-0.311722,-0.126546
2012,10,Fixed Income,0.122402,-0.024314
2012,11,Fixed Income,0.207128,0.157705
2012,12,Fixed Income,-0.31171,-0.075816
2013,1,Fixed Income,-0.096885,-0.527827
2013,2,Fixed Income,0.047349,0.332314
2013,3,Fixed Income,0.063503,0.176966
2013,4,Fixed Income,0.300758,0.24085
2013,5,Fixed Income,-0.675048,-0.561544
2013,6,Fixed Income,-0.548846,-0.437672
2013,7,Fixed Income,-0.273039,0.066046
2013,8,Fixed Income,-0.20525,-0.224082
2013,9,Fixed Income,0.36031,0.202052
2013,10,Fixed Income,0.059565,0.189376
2013,11,Fixed Income,-0.256417,-0.116169
2013,12,Fixed Income,-0.350387,-0.488361
2014,1,Fixed Income,0.478907,0.654142
2014,2,Fixed Income,0.0,0.065636
2014,3,Fixed Income,0.05733,-0.011497
2014,4,Fixed Income,0.151118,0.154747
2014,5,Fixed Income,0.192795,0.401461
2014,6,Fixed Income,0.015826,0.062202
2014,7,Fixed Income,0.0,0.018958
2014,8,Fixed Income,0.0,0.446903
2014,9,Fixed Income,0.0,-0.086323
2014,10,Fixed Income,0.0,0.274361
2014,11,Fixed Income,0.114766,0.280757
2014,12,Fixed Income,0.0,0.231138
2015,1,Fixed Income,0.089547,0.561841
2015,2,Fixed Income,-0.489268,-0.173136
2015,3,Fixed Income,0.032447,0.085063
2015,4,Fixed Income,-0.271055,-0.275303
2015,5,Fixed Income,-0.256629,-0.122395
2015,6,Fixed Income,-0.185669,-0.333966
2015,7,Fixed Income,0.162363,0.210799
2015,8,Fixed Income,-0.316369,-0.099456
2015,9,Fixed Income,0.345359,0.243275
2015,10,Fixed Income,-0.056863,0.003021
2015,11,Fixed Income,-0.046366,0.033631
2015,12,Fixed Income,0.026963,-0.238264
2016,1,Fixed Income,0.0,0.522732
2016,2,Fixed Income,-0.030536,0.32669
2016,3,Fixed Income,0.022521,-0.065514
2016,4,Fixed Income,-0.192568,-0.131509
2016,5,Fixed Income,0.194097,0.115303
2016,6,Fixed Income,0.0,0.489774
2016,7,Fixed Income,0.021749,0.142963
2016,8,Fixed Income,-0.109431,-0.136995
2016,9,Fixed Income,-0.126571,0.055397
2016,10,Fixed Income,-0.359377,-0.45634
2016,11,Fixed Income,-0.09219,-0.423138
2016,12,Fixed Income,-0.0277,0.067653
2017,1,Fixed Income,-0.039298,-0.105905
2017,2,Fixed Income,0.0,0.366658
2017,3,Fixed Income,0.0,-0.165889
2017,4,Fixed Income,0.0,0.074799
2017,5,Fixed Income,0.0,0.137003
2017,6,Fixed Income,0.0,-0.305353
2017,7,Fixed Income,0.0,0.028884
2017,8,Fixed Income,0.0,0.40986
2017,9,Fixed Income,0.0,-0.319195
2017,10,Fixed Income,0.0,0.074858
2017,11,Fixed Income,0.0,-0.109528
2017,12,Fixed Income,0.0,-0.055162
2018,1,Fixed Income,0.0,-0.633444
2018,2,Fixed Income,0.0,-0.058833
2018,3,Fixed Income,0.0,0.35994
2018,4,Fixed Income,0.0,-0.223566
2018,5,Fixed Income,-0.003022,0.402625
2018,6,Fixed Income,0.0,0.012086
2018,7,Fixed Income,0.0,-0.219925
2018,8,Fixed Income,0.0,0.215469
2018,9,Fixed Income,0.0,-0.385502
2018,10,Fixed Income,0.0,-0.003954
2018,11,Fixed Income,0.0,0.256127
2018,12,Fixed Income,-0.210819,0.437635
2019,1,Fixed Income,-0.010671,0.212163
2019,2,Fixed Income,-0.095826,-0.1645
2019,3,Fixed Income,0.333607,0.543526
2019,4,Fixed Income,0.0,-0.205319
2019,5,Fixed Income,0.0,0.644566
2019,6,Fixed Income,0.0,0.243725
2019,7,Fixed Income,0.053079,0.126264
2019,8,Fixed Income,-0.304906,0.718148
2019,9,Fixed Income,0.018558,-0.349194
2019,10,Fixed Income,0.196082,-0.20263
2019,11,Fixed Income,-0.124482,-0.163326
2019,12,Fixed Income,-0.052525,-0.256316
2011,1,Forex,-0.144532,-0.016372
2011,2,Forex,0.423041,0.29796
2011,3,Forex,-0.230378,-0.100489
2011,4,Forex,0.893252,0.676698
2011,5,Forex,-0.519208,-0.273023
2011,6,Forex,-0.012289,0.040001
2011,7,Forex,-0.018513,0.439832
2011,8,Forex,-0.777902,-0.351062
2011,9,Forex,-0.800902,-0.662914
2011,10,Forex,-0.581716,0.343813
2011,11,Forex,0.457265,-0.310665
2011,12,Forex,0.101779,-0.064137
2012,1,Forex,-0.119651,0.288071
2012,2,Forex,0.092196,0.253028
2012,3,Forex,-0.560112,-0.089883
2012,4,Forex,0.198451,-0.000544
2012,5,Forex,-1.839985,-0.987003
2012,6,Forex,0.228683,0.477458
2012,7,Forex,-0.133543,-0.047287
2012,8,Forex,-0.219396,0.153948
2012,9,Forex,-0.129246,0.218462
2012,10,Forex,-0.08354,-0.130307
2012,11,Forex,-0.088038,0.122861
2012,12,Forex,-0.174721,0.085735
2013,1,Forex,-0.303029,-0.233182
2013,2,Forex,-1.039726,-0.250496
2013,3,Forex,0.212441,0.226807
2013,4,Forex,-0.157672,0.272664
2013,5,Forex,-0.668272,-0.784847
2013,6,Forex,-0.384201,-0.074483
2013,7,Forex,0.058406,0.113319
2013,8,Forex,0.158851,-0.219509
2013,9,Forex,0.171526,0.576614
2013,10,Forex,-0.504446,-0.036595
2013,11,Forex,-0.046272,-0.05796
2013,12,Forex,-0.087123,0.034381
2014,1,Forex,-0.417894,-0.442872
2014,2,Forex,0.449128,0.301895
2014,3,Forex,-0.190311,0.08857
2014,4,Forex,0.203278,0.174155
2014,5,Forex,-0.478211,0.125161
2014,6,Forex,0.315077,0.306012
2014,7,Forex,-0.846239,-0.471858
2014,8,Forex,-0.474441,-0.221587
2014,9,Forex,-0.821046,-0.851594
2014,10,Forex,-0.632347,-0.14925
2014,11,Forex,-0.487548,-0.448045
2014,12,Forex,-0.423915,-0.437676
2015,1,Forex,-0.521191,-0.044288
2015,2,Forex,0.328851,0.134152
2015,3,Forex,0.037605,-0.190273
2015,4,Forex,-0.140498,0.333862
2015,5,Forex,-0.140885,-0.169773
2015,6,Forex,-0.095782,0.023144
2015,7,Forex,-0.570607,-0.400614
2015,8,Forex,-0.396469,-0.228611
2015,9,Forex,-0.256357,-0.171161
2015,10,Forex,0.192182,0.191312
2015,11,Forex,-0.087523,-0.216596
2015,12,Forex,-0.3214,-0.139627
2016,1,Forex,-0.024788,-0.461975
2016,2,Forex,-0.014581,0.215205
2016,3,Forex,-0.208242,0.516652
2016,4,Forex,0.102122,0.121466
2016,5,Forex,0.005512,-0.424061
2016,6,Forex,-0.029294,0.02599
2016,7,Forex,0.083211,0.111484
2016,8,Forex,0.08113,-0.110021
2016,9,Forex,0.004567,0.036232
2016,10,Forex,-0.078769,-0.189293
2016,11,Forex,0.01588,-0.321591
2016,12,Forex,-0.087028,-0.260565
2017,1,Forex,-0.20596,0.311847
2017,2,Forex,-0.07651,-0.03619
2017,3,Forex,-0.1629,0.15491
2017,4,Forex,-0.221426,-0.136502
2017,5,Forex,-0.06076,0.171397
2017,6,Forex,0.0,0.333422
2017,7,Forex,-0.037968,0.359098
2017,8,Forex,-0.199233,-0.12272
2017,9,Forex,-0.043067,0.064636
2017,10,Forex,-0.5979,-0.230223
2017,11,Forex,-0.091391,0.138836
2017,12,Forex,-0.009094,0.083386
2018,1,Forex,-0.064359,0.734434
2018,2,Forex,0.066458,-0.363979
2018,3,Forex,0.11996,0.062657
2018,4,Forex,-0.011075,-0.331395
2018,5,Forex,-0.000958,-0.258934
2018,6,Forex,-0.105729,-0.263458
2018,7,Forex,-0.268343,0.063412
2018,8,Forex,0.244295,-0.101535
2018,9,Forex,-0.009458,0.065232
2018,10,Forex,-0.095959,-0.639423
2018,11,Forex,0.096553,0.067441
2018,12,Forex,-0.190967,-0.078809
2019,1,Forex,0.014754,0.277276
2019,2,Forex,-0.076399,-0.123354
2019,3,Forex,0.002884,-0.148904
2019,4,Forex,0.150508,-0.094542
2019,5,Forex,0.0,-0.243076
2019,6,Forex,0.007206,0.33628
2019,7,Forex,0.0,-0.430462
2019,8,Forex,-0.076531,-0.242004
2019,9,Forex,0.013526,0.06185
2019,10,Forex,-0.065963,0.361239
2019,11,Forex,0.0,-0.330157
2019,12,Forex,-0.002917,0.576848
