Asset,Strategy,E(R),std(R),DD,Sharpe,Sortino,MDD,Calmar,% +ve,Ave P/L
Commodity,Long,-0.298,0.412,0.258,-0.723,-1.152,0.248,-0.13,0.473,0.987
Commodity,Sign(R),0.101,0.312,0.185,0.325,0.548,0.082,0.115,0.494,1.081
Commodity,MACD,-0.039,0.227,0.136,-0.174,-0.29,0.132,-0.059,0.486,1.024
Commodity,DQN,-0.941,0.97,0.628,-0.971,-1.499,0.376,-0.126,0.479,0.926
Commodity,PG,0.013,0.287,0.172,0.047,0.078,0.072,0.017,0.495,1.026
Commodity,A2C,0.072,0.163,0.098,0.44,0.729,0.099,0.161,0.487,1.151
Equity Index,Long,0.504,0.928,0.606,0.543,0.831,0.127,0.466,0.541,0.928
Equity Index,Sign(R),0.168,0.799,0.526,0.211,0.319,0.299,0.075,0.528,0.928
Equity Index,MACD,-0.068,0.586,0.385,-0.117,-0.178,0.351,-0.041,0.519,0.904
Equity Index,DQN,-0.399,0.97,0.696,-0.411,-0.573,0.491,-0.088,0.459,1.09
Equity Index,PG,0.32,0.875,0.574,0.366,0.558,0.211,0.183,0.529,0.949
Equity Index,A2C,0.293,0.629,0.427,0.466,0.686,0.193,0.214,0.533,0.965
Fixed Income,Long,0.605,0.939,0.561,0.645,1.081,0.108,0.455,0.515,1.048
Fixed Income,Sign(R),0.189,0.795,0.496,0.237,0.381,0.165,0.103,0.504,1.024
Fixed Income,MACD,0.136,0.609,0.367,0.224,0.371,0.124,0.131,0.485,1.102
Fixed Income,DQN,0.07,0.97,0.909,0.072,0.077,0.422,0.039,0.261,1.026
Fixed Income,PG,0.624,0.938,0.561,0.665,1.113,0.109,0.443,0.517,1.043
Fixed Income,A2C,0.852,1.345,0.806,0.633,1.057,0.128,0.397,0.517,1.039
Forex,Long,-0.198,0.472,0.285,-0.42,-0.696,0.219,-0.101,0.491,0.966
Forex,Sign(R),-0.113,0.551,0.341,-0.207,-0.332,0.17,-0.071,0.499,0.968
Forex,MACD,0.016,0.424,0.259,0.037,0.061,0.156,0.016,0.493,1.034
Forex,DQN,-1.57,0.97,0.799,-1.619,-1.966,1.56,0.0,0.366,0.927
Forex,PG,0.157,0.533,0.312,0.295,0.503,0.098,0.148,0.506,1.029
Forex,A2C,0.159,0.455,0.267,0.349,0.592,0.081,0.193,0.507,1.034
All,Long,-0.013,0.363,0.23,-0.036,-0.057,0.037,-0.009,0.519,0.919
All,Sign(R),0.086,0.296,0.186,0.291,0.461,0.016,0.142,0.51,1.008
All,MACD,-0.018,0.23,0.143,-0.08,-0.129,0.026,-0.029,0.493,1.013
All,DQN,-1.396,0.97,0.655,-1.439,-2.133,0.271,-0.122,0.456,0.937
All,PG,0.168,0.279,0.174,0.602,0.968,0.011,0.373,0.533,0.968
All,A2C,0.214,0.221,0.134,0.969,1.601,0.009,0.672,0.538,1.014
