date,DQN_cum_return,Long_cum_return
2011-01-03,0.0,0.09273
2011-01-04,-0.017393,0.090704
2011-01-05,-0.062043,0.134717
2011-01-06,-0.08881,0.128285
2011-01-07,-0.114333,0.092801
2011-01-10,-0.175493,0.06998
2011-01-11,-0.124416,0.120849
2011-01-12,-0.014909,0.223992
2011-01-13,-0.023923,0.215856
2011-01-14,-0.08295,0.261511
2011-01-17,-0.108807,0.244307
2011-01-18,-0.115631,0.308488
2011-01-19,-0.007612,0.190047
2011-01-20,-0.004699,0.14122
2011-01-21,-0.027404,0.170344
2011-01-24,-0.083928,0.235013
2011-01-25,-0.115344,0.220121
2011-01-26,-0.074163,0.27246
2011-01-27,-0.074868,0.293895
2011-01-28,-0.15616,0.131989
2011-01-31,-0.157285,0.175091
2011-02-01,-0.118715,0.304072
2011-02-02,-0.12604,0.301607
2011-02-03,-0.14579,0.313223
2011-02-04,-0.151836,0.337596
2011-02-07,-0.201628,0.394284
2011-02-08,-0.23462,0.443435
2011-02-09,-0.245644,0.422714
2011-02-10,-0.255993,0.420521
2011-02-11,-0.313877,0.475858
2011-02-14,-0.315115,0.478169
2011-02-15,-0.302677,0.467895
2011-02-16,-0.383198,0.530823
2011-02-17,-0.41667,0.555141
2011-02-18,-0.450746,0.573849
2011-02-21,-0.317098,0.48445
2011-02-22,-0.081825,0.303612
2011-02-23,-0.008545,0.229245
2011-02-24,0.000428,0.216784
2011-02-25,-0.024922,0.328797
2011-02-28,-0.033982,0.372585
2011-03-01,-0.177849,0.232579
2011-03-02,-0.169112,0.24831
2011-03-03,-0.032368,0.369562
2011-03-04,-0.114009,0.308899
2011-03-07,-0.183554,0.244056
2011-03-08,-0.105354,0.300791
2011-03-09,-0.140123,0.265529
2011-03-10,-0.238805,0.19272
2011-03-11,-0.224241,0.21398
2011-03-14,-0.317902,0.144675
2011-03-15,-0.454137,0.030315
2011-03-16,-0.610249,-0.092213
2011-03-17,-0.482096,-0.004841
2011-03-18,-0.432323,0.028297
2011-03-21,-0.256176,0.145254
2011-03-22,-0.282435,0.127739
2011-03-23,-0.271699,0.147953
2011-03-24,-0.231867,0.232206
2011-03-25,-0.25795,0.253977
2011-03-28,-0.253426,0.225218
2011-03-29,-0.272159,0.284249
2011-03-30,-0.283786,0.332721
2011-03-31,-0.276315,0.315304
2011-04-01,-0.278983,0.370437
2011-04-04,-0.283326,0.374324
2011-04-05,-0.304197,0.367938
2011-04-06,-0.280722,0.387053
2011-04-07,-0.290228,0.376381
2011-04-08,-0.262856,0.355955
2011-04-11,-0.243446,0.333906
2011-04-12,-0.246394,0.246325
2011-04-13,-0.229656,0.26728
2011-04-14,-0.270312,0.262686
2011-04-15,-0.313247,0.304092
2011-04-18,-0.338166,0.181856
2011-04-19,-0.340713,0.21284
2011-04-20,-0.151361,0.350771
2011-04-21,-0.111966,0.376788
2011-04-25,-0.116623,0.376777
2011-04-26,-0.051217,0.429533
2011-04-27,0.02787,0.49408
2011-04-28,0.052624,0.51299
2011-04-29,0.071824,0.535863
2011-05-02,0.040872,0.516358
2011-05-03,-0.002817,0.484726
2011-05-04,-0.043206,0.408353
2011-05-05,-0.090344,0.364156
2011-05-06,-0.071233,0.378957
2011-05-09,-0.032389,0.413651
2011-05-10,0.069936,0.493599
2011-05-11,0.034973,0.422769
2011-05-12,-0.001648,0.452356
2011-05-13,0.017225,0.368633
2011-05-16,0.053151,0.315779
2011-05-17,0.044976,0.292929
2011-05-18,-0.022799,0.373239
2011-05-19,-0.02074,0.407135
2011-05-20,-0.042435,0.331354
2011-05-23,-0.212582,0.232558
2011-05-24,-0.234409,0.218043
2011-05-25,-0.17507,0.257487
2011-05-26,-0.097352,0.309134
2011-05-27,-0.063725,0.33148
2011-05-30,-0.068209,0.328496
2011-05-31,0.084124,0.429726
2011-06-01,-0.177157,0.255912
2011-06-02,-0.206052,0.229447
2011-06-03,-0.222602,0.163606
2011-06-06,-0.201161,0.104949
2011-06-07,-0.222065,0.111564
2011-06-08,-0.275584,0.057031
2011-06-09,-0.259456,0.096472
2011-06-10,-0.358955,-0.010442
2011-06-13,-0.355036,-0.008186
2011-06-14,-0.255515,0.098414
2011-06-15,-0.365197,-0.027091
2011-06-16,-0.340139,-0.027438
2011-06-17,-0.33854,-0.004225
2011-06-20,-0.320202,0.016614
2011-06-21,-0.237542,0.11132
2011-06-22,-0.283878,0.078273
2011-06-23,-0.34725,0.038558
2011-06-24,-0.426038,-0.013857
2011-06-27,-0.345302,0.039809
2011-06-28,-0.206857,0.131828
2011-06-29,-0.108309,0.197358
2011-06-30,-0.013333,0.268055
2011-07-01,0.076992,0.353731
2011-07-04,0.046365,0.356839
2011-07-05,0.067929,0.364398
2011-07-06,0.082228,0.361922
2011-07-07,0.13059,0.437006
2011-07-08,0.115083,0.371843
2011-07-11,0.083475,0.241858
2011-07-12,0.045931,0.194888
2011-07-13,0.065032,0.210411
2011-07-14,-0.006551,0.165341
2011-07-15,0.038009,0.194959
2011-07-18,-0.084388,0.09929
2011-07-19,0.044616,0.198977
2011-07-20,0.061788,0.222122
2011-07-21,0.152442,0.323635
2011-07-22,0.141842,0.326643
2011-07-25,0.124301,0.287982
2011-07-26,0.087527,0.253393
2011-07-27,-0.020015,0.112677
2011-07-28,-0.030358,0.107723
2011-07-29,-0.058366,0.066454
2011-08-01,-0.084396,0.013028
2011-08-02,-0.242936,-0.137416
2011-08-03,-0.234273,-0.148208
2011-08-04,-0.513634,-0.419508
2011-08-05,-0.592835,-0.445793
2011-08-08,-0.894407,-0.759409
2011-08-09,-0.731208,-0.60456
2011-08-10,-0.851994,-0.748782
2011-08-11,-0.869257,-0.637548
2011-08-12,-0.798398,-0.584199
2011-08-15,-0.765112,-0.543339
2011-08-16,-0.774621,-0.556839
2011-08-17,-0.78612,-0.563519
2011-08-18,-0.723276,-0.700387
2011-08-19,-0.702226,-0.753521
2011-08-22,-0.715326,-0.741667
2011-08-23,-0.599571,-0.662852
2011-08-24,-0.548537,-0.628928
2011-08-25,-0.584604,-0.671878
2011-08-26,-0.562815,-0.640328
2011-08-29,-0.524688,-0.559319
2011-08-30,-0.521367,-0.553186
2011-08-31,-0.529807,-0.507222
2011-09-01,-0.49306,-0.536237
2011-09-02,-0.393807,-0.624614
2011-09-05,-0.248664,-0.723763
2011-09-06,-0.263896,-0.727559
2011-09-07,-0.214523,-0.638092
2011-09-08,-0.226521,-0.644647
2011-09-09,-0.138363,-0.723848
2011-09-12,-0.119172,-0.743872
2011-09-13,-0.124265,-0.713486
2011-09-14,-0.126943,-0.661846
2011-09-15,-0.162759,-0.601242
2011-09-16,-0.17708,-0.5891
2011-09-19,-0.125988,-0.637887
2011-09-20,-0.139089,-0.631574
2011-09-21,-0.019999,-0.726047
2011-09-22,0.106619,-0.831295
2011-09-23,0.079896,-0.806038
2011-09-26,0.026109,-0.738723
2011-09-27,-0.003643,-0.671835
2011-09-28,0.050808,-0.728279
2011-09-29,0.015407,-0.708824
2011-09-30,0.044931,-0.779216
2011-10-03,0.083914,-0.872762
2011-10-04,0.065533,-0.832596
2011-10-05,0.137753,-0.758698
2011-10-06,0.157107,-0.6856
2011-10-07,0.150532,-0.691135
2011-10-10,0.129509,-0.605103
2011-10-11,0.123607,-0.608335
2011-10-12,0.100514,-0.574924
2011-10-13,0.099865,-0.578704
2011-10-14,0.055804,-0.530834
2011-10-17,0.115523,-0.600166
2011-10-18,0.06793,-0.544556
2011-10-19,0.050323,-0.579073
2011-10-20,0.036376,-0.590711
2011-10-21,0.043246,-0.517805
2011-10-24,0.038127,-0.473269
2011-10-25,0.071441,-0.528656
2011-10-26,0.049533,-0.499023
2011-10-27,-0.01623,-0.357287
2011-10-28,-0.00702,-0.37042
2011-10-31,0.077334,-0.456713
2011-11-01,0.167157,-0.545263
2011-11-02,0.136858,-0.516862
2011-11-03,0.077387,-0.450931
2011-11-04,0.101947,-0.471741
2011-11-07,0.106286,-0.469267
2011-11-08,0.053384,-0.423003
2011-11-09,0.12257,-0.553224
2011-11-10,0.101519,-0.533008
2011-11-11,0.104703,-0.460338
2011-11-14,0.063708,-0.487915
2011-11-15,0.08384,-0.48404
2011-11-16,0.029012,-0.52894
2011-11-17,0.016156,-0.579872
2011-11-18,0.005895,-0.584651
2011-11-21,0.105443,-0.662022
2011-11-22,0.135641,-0.68199
2011-11-23,0.191206,-0.751678
2011-11-24,0.200363,-0.757853
2011-11-25,0.189134,-0.764619
2011-11-28,0.167134,-0.638036
2011-11-29,0.155865,-0.62514
2011-11-30,0.059998,-0.482057
2011-12-01,0.078572,-0.494138
2011-12-02,0.059392,-0.484351
2011-12-05,0.0102,-0.451851
2011-12-06,0.01213,-0.453334
2011-12-07,-0.007609,-0.441831
2011-12-08,0.059015,-0.491985
2011-12-09,-0.025611,-0.424263
2011-12-12,0.063676,-0.492564
2011-12-13,0.087954,-0.516112
2011-12-14,0.153926,-0.572664
2011-12-15,0.122533,-0.553861
2011-12-16,0.119058,-0.560104
2011-12-19,0.130355,-0.58925
2011-12-20,0.061922,-0.483857
2011-12-21,0.055768,-0.495674
2011-12-22,0.00047,-0.455416
2011-12-23,-0.036159,-0.4253
2011-12-27,-0.04347,-0.422219
2011-12-28,0.023591,-0.467004
2011-12-29,-0.043679,-0.422442
2011-12-30,-0.04696,-0.422993
2012-01-03,-0.085168,-0.347798
2012-01-04,-0.079807,-0.355569
2012-01-05,-0.071745,-0.36826
2012-01-06,-0.063881,-0.370297
2012-01-09,-0.07244,-0.369976
2012-01-10,-0.12171,-0.315077
2012-01-11,-0.121211,-0.316042
2012-01-12,-0.130699,-0.309504
2012-01-13,-0.126021,-0.324805
2012-01-16,-0.145297,-0.286229
2012-01-17,-0.170267,-0.267927
2012-01-18,-0.211344,-0.228443
2012-01-19,-0.264931,-0.191071
2012-01-20,-0.266094,-0.186649
2012-01-23,-0.273889,-0.181701
2012-01-24,-0.281666,-0.184624
2012-01-25,-0.305616,-0.161261
2012-01-26,-0.32123,-0.156056
2012-01-27,-0.318013,-0.175492
2012-01-30,-0.352323,-0.20492
2012-01-31,-0.339276,-0.195239
2012-02-01,-0.255008,-0.122806
2012-02-02,-0.240177,-0.111139
2012-02-03,-0.160162,-0.029356
2012-02-06,-0.169079,-0.037889
2012-02-07,-0.179856,-0.022758
2012-02-08,-0.20052,-0.014035
2012-02-09,-0.207498,-0.003967
2012-02-10,-0.133793,-0.059766
2012-02-13,-0.185187,-0.015915
2012-02-14,-0.180133,-0.020009
2012-02-15,-0.178548,-0.036276
2012-02-16,-0.193319,0.01878
2012-02-17,-0.197932,0.041957
2012-02-20,-0.179375,0.078152
2012-02-21,-0.207872,0.06726
2012-02-22,-0.256743,0.037483
2012-02-23,-0.211,0.071175
2012-02-24,-0.216387,0.073744
2012-02-27,-0.195281,0.075443
2012-02-28,-0.19279,0.093792
2012-02-29,-0.159356,0.050726
2012-03-01,-0.237487,0.113328
2012-03-02,-0.246613,0.082118
2012-03-05,-0.23693,0.059876
2012-03-06,-0.29246,-0.095344
2012-03-07,-0.291445,-0.041279
2012-03-08,-0.225605,0.024001
2012-03-09,-0.17258,0.05921
2012-03-12,-0.175444,0.057253
2012-03-13,0.010347,0.180486
2012-03-14,0.00108,0.174205
2012-03-15,0.014742,0.209468
2012-03-16,-0.001453,0.220661
2012-03-19,-0.007733,0.238147
2012-03-20,0.042871,0.193366
2012-03-21,0.061892,0.180357
2012-03-22,0.152672,0.119552
2012-03-23,0.108443,0.14567
2012-03-26,-0.011073,0.241968
2012-03-27,0.017118,0.196453
2012-03-28,0.030932,0.142969
2012-03-29,0.012213,0.111266
2012-03-30,0.054047,0.141009
2012-04-02,0.108669,0.211198
2012-04-03,0.045878,0.166775
2012-04-04,-0.069654,0.046685
2012-04-05,-0.101302,0.037874
2012-04-06,-0.12259,0.023678
2012-04-09,-0.209748,-0.05763
2012-04-10,-0.410687,-0.188052
2012-04-11,-0.346116,-0.145166
2012-04-12,-0.185791,-0.03866
2012-04-13,-0.351057,-0.148491
2012-04-16,-0.344185,-0.143927
2012-04-17,-0.178671,-0.033971
2012-04-18,-0.23894,-0.074099
2012-04-19,-0.273584,-0.110795
2012-04-20,-0.260153,-0.087188
2012-04-23,-0.341408,-0.17237
2012-04-24,-0.290881,-0.133685
2012-04-25,-0.157581,-0.043035
2012-04-26,-0.093646,-0.000688
2012-04-27,-0.073792,0.023054
2012-04-30,-0.109499,-0.013334
2012-05-01,-0.066268,0.015419
2012-05-02,-0.080859,0.009748
2012-05-03,-0.13925,-0.046652
2012-05-04,-0.286857,-0.164476
2012-05-07,-0.233886,-0.12601
2012-05-08,-0.32107,-0.184021
2012-05-09,-0.371496,-0.217585
2012-05-10,-0.324593,-0.1864
2012-05-11,-0.351179,-0.204103
2012-05-14,-0.487024,-0.294477
2012-05-15,-0.532981,-0.325049
2012-05-16,-0.580996,-0.356992
2012-05-17,-0.748636,-0.468472
2012-05-18,-0.836078,-0.526668
2012-05-21,-0.664303,-0.412481
2012-05-22,-0.636954,-0.394431
2012-05-23,-0.664068,-0.412497
2012-05-24,-0.658104,-0.379413
2012-05-25,-0.656556,-0.404019
2012-05-28,-0.662755,-0.406076
2012-05-29,-0.718044,-0.329421
2012-05-30,-0.650422,-0.444831
2012-05-31,-0.655372,-0.442584
2012-06-01,-0.913333,-0.595263
2012-06-04,-0.920593,-0.600202
2012-06-05,-0.842958,-0.548574
2012-06-06,-0.63103,-0.407609
2012-06-07,-0.625502,-0.40663
2012-06-08,-0.597259,-0.367649
2012-06-11,-0.701145,-0.443291
2012-06-12,-0.714769,-0.369955
2012-06-13,-0.790112,-0.41091
2012-06-14,-0.73005,-0.368293
2012-06-15,-0.66737,-0.311174
2012-06-18,-0.652729,-0.304485
2012-06-19,-0.580564,-0.238398
2012-06-20,-0.578713,-0.226449
2012-06-21,-0.703588,-0.346011
2012-06-22,-0.716536,-0.324531
2012-06-25,-0.768703,-0.419257
2012-06-26,-0.751372,-0.390517
2012-06-27,-0.676099,-0.336371
2012-06-28,-0.70262,-0.353989
2012-06-29,-0.460245,-0.192842
2012-07-02,-0.433546,-0.162041
2012-07-03,-0.408969,-0.105241
2012-07-04,-0.411742,-0.112875
2012-07-05,-0.407711,-0.134799
2012-07-06,-0.415005,-0.188452
2012-07-09,-0.43123,-0.204677
2012-07-10,-0.465988,-0.238071
2012-07-11,-0.474263,-0.243688
2012-07-12,-0.523117,-0.277754
2012-07-13,-0.396355,-0.191644
2012-07-16,-0.421699,-0.208513
2012-07-17,-0.383164,-0.182908
2012-07-18,-0.302276,-0.129137
2012-07-19,-0.260906,-0.101646
2012-07-20,-0.383096,-0.182907
2012-07-23,-0.53116,-0.281407
2012-07-24,-0.601495,-0.346414
2012-07-25,-0.579398,-0.328173
2012-07-26,-0.509794,-0.219874
2012-07-27,-0.415757,-0.090995
2012-07-30,-0.424194,-0.09003
2012-07-31,-0.424779,-0.120728
2012-08-01,-0.445717,-0.124502
2012-08-02,-0.414828,-0.179664
2012-08-03,-0.448778,-0.041825
2012-08-06,-0.466855,-0.02141
2012-08-07,-0.525005,0.024186
2012-08-08,-0.529402,0.025667
2012-08-09,-0.542384,0.040154
2012-08-10,-0.541903,0.044325
2012-08-13,-0.52398,0.031108
2012-08-14,-0.539697,0.037858
2012-08-15,-0.554312,0.052158
2012-08-16,-0.589232,0.093637
2012-08-17,-0.606183,0.113987
2012-08-20,-0.593463,0.104005
2012-08-21,-0.598209,0.106946
2012-08-22,-0.555068,0.076828
2012-08-23,-0.490786,0.020649
2012-08-24,-0.529786,0.052489
2012-08-27,-0.542017,0.062042
2012-08-28,-0.555293,0.053149
2012-08-29,-0.561014,0.04468
2012-08-30,-0.530105,-0.011401
2012-08-31,-0.545894,0.025301
2012-09-03,-0.496794,0.087057
2012-09-04,-0.54303,0.07357
2012-09-05,-0.536935,0.057365
2012-09-06,-0.372273,0.219357
2012-09-07,-0.38014,0.245559
2012-09-10,-0.382511,0.195506
2012-09-11,-0.43132,0.221678
2012-09-12,-0.488341,0.253676
2012-09-13,-0.529616,0.285516
2012-09-14,-0.635266,0.355337
2012-09-17,-0.5883,0.32374
2012-09-18,-0.58656,0.308925
2012-09-19,-0.611435,0.319584
2012-09-20,-0.611749,0.303181
2012-09-21,-0.627641,0.309058
2012-09-24,-0.623473,0.295622
2012-09-25,-0.628895,0.233991
2012-09-26,-0.540756,0.148406
2012-09-27,-0.618254,0.216699
2012-09-28,-0.557702,0.146344
2012-10-01,-0.564816,0.184957
2012-10-02,-0.566547,0.194639
2012-10-03,-0.59566,0.201497
2012-10-04,-0.607187,0.245149
2012-10-05,-0.613003,0.257614
2012-10-08,-0.642586,0.219459
2012-10-09,-0.683891,0.137328
2012-10-10,-0.725086,0.088736
2012-10-11,-0.70485,0.120339
2012-10-12,-0.770424,0.081074
2012-10-15,-0.664647,0.154173
2012-10-16,-0.524037,0.247623
2012-10-17,-0.466367,0.29463
2012-10-18,-0.469115,0.267331
2012-10-19,-0.407848,0.133687
2012-10-22,-0.423056,0.149698
2012-10-23,-0.377072,0.029407
2012-10-24,-0.394578,0.02584
2012-10-25,-0.418477,0.027089
2012-10-26,-0.401556,0.040242
2012-10-29,-0.427541,0.022936
2012-10-30,-0.384811,0.051344
2012-10-31,-0.41375,0.032097
2012-11-01,-0.249556,0.141236
2012-11-02,-0.370436,0.060815
2012-11-05,-0.340822,0.080444
2012-11-06,-0.242356,0.145936
2012-11-07,-0.46643,-0.026111
2012-11-08,-0.527694,-0.084548
2012-11-09,-0.524799,-0.078746
2012-11-12,-0.521665,-0.077233
2012-11-13,-0.555591,-0.097064
2012-11-14,-0.682417,-0.191071
2012-11-15,-0.72553,-0.216398
2012-11-16,-0.716194,-0.210224
2012-11-19,-0.507644,-0.071545
2012-11-20,-0.47613,-0.050663
2012-11-21,-0.452504,-0.033279
2012-11-22,-0.404053,-0.001043
2012-11-23,-0.346201,0.072414
2012-11-26,-0.366859,0.060359
2012-11-27,-0.355915,0.040792
2012-11-28,-0.395304,0.087144
2012-11-29,-0.400249,0.148562
2012-11-30,-0.408836,0.142389
2012-12-03,-0.426036,0.12207
2012-12-04,-0.429364,0.123063
2012-12-05,-0.399715,0.137463
2012-12-06,-0.360837,0.164596
2012-12-07,-0.34901,0.172464
2012-12-10,-0.307001,0.200392
2012-12-11,-0.237725,0.259736
2012-12-12,-0.279919,0.241454
2012-12-13,-0.300467,0.209405
2012-12-14,-0.323158,0.202204
2012-12-17,-0.227183,0.26492
2012-12-18,-0.16681,0.345424
2012-12-19,-0.203034,0.332056
2012-12-20,-0.185592,0.3646
2012-12-21,-0.239188,0.298782
2012-12-24,-0.278954,0.269017
2012-12-26,-0.332785,0.221125
2012-12-27,-0.362927,0.211571
2012-12-28,-0.487379,0.088402
2012-12-31,-0.308165,0.238319
2013-01-02,-0.063678,0.452848
2013-01-03,-0.068832,0.44061
2013-01-04,-0.041621,0.464715
2013-01-07,-0.07735,0.446383
2013-01-08,-0.092951,0.435924
2013-01-09,-0.06244,0.467662
2013-01-10,-0.029534,0.493858
2013-01-11,-0.021118,0.497263
2013-01-14,-0.039468,0.484036
2013-01-15,-0.040919,0.491308
2013-01-16,-0.047501,0.482359
2013-01-17,0.019281,0.53694
2013-01-18,0.028752,0.554304
2013-01-21,0.036886,0.573769
2013-01-22,0.091083,0.611288
2013-01-23,0.069733,0.614411
2013-01-24,0.053431,0.636011
2013-01-25,0.085959,0.677597
2013-01-28,0.073188,0.689724
2013-01-29,0.004538,0.722764
2013-01-30,0.089218,0.659514
2013-01-31,0.118713,0.634169
2013-02-01,0.030257,0.708384
2013-02-04,0.200749,0.572259
2013-02-05,0.135311,0.631169
2013-02-06,0.085298,0.627958
2013-02-07,0.060821,0.595126
2013-02-08,0.099129,0.654562
2013-02-11,0.095553,0.647636
2013-02-12,0.128764,0.689414
2013-02-13,0.146664,0.712623
2013-02-14,0.12034,0.701962
2013-02-15,0.10345,0.688086
2013-02-18,0.079603,0.685636
2013-02-19,-0.021143,0.771564
2013-02-20,0.097586,0.659848
2013-02-21,0.167605,0.58152
2013-02-22,0.130277,0.680345
2013-02-25,0.161704,0.552087
2013-02-26,0.153053,0.544678
2013-02-27,0.304917,0.661583
2013-02-28,0.317962,0.670244
2013-03-01,0.322935,0.673517
2013-03-04,0.365928,0.70209
2013-03-05,0.502287,0.792757
2013-03-06,0.510644,0.798291
2013-03-07,0.544882,0.823866
2013-03-08,0.576312,0.873052
2013-03-11,0.554669,0.897187
2013-03-12,0.540639,0.883038
2013-03-13,0.52411,0.891515
2013-03-14,0.492768,0.947063
2013-03-15,0.502334,0.918044
2013-03-18,0.526437,0.881774
2013-03-19,0.522197,0.84984
2013-03-20,0.502841,0.894887
2013-03-21,0.541537,0.831727
2013-03-22,0.551294,0.883895
2013-03-25,0.514205,0.84378
2013-03-26,0.530368,0.887084
2013-03-27,0.507206,0.871827
2013-03-28,0.511062,0.909818
2013-04-01,0.494284,0.840364
2013-04-02,0.494427,0.906127
2013-04-03,0.526108,0.799959
2013-04-04,0.491241,0.798923
2013-04-05,0.503824,0.725652
2013-04-08,0.533814,0.786818
2013-04-09,0.538872,0.8033
2013-04-10,0.677696,0.942262
2013-04-11,0.701314,0.972831
2013-04-12,0.656458,0.934359
2013-04-15,0.448591,0.727515
2013-04-16,0.521559,0.808037
2013-04-17,0.36985,0.685863
2013-04-18,0.296814,0.63925
2013-04-19,0.39263,0.702975
2013-04-22,0.446041,0.738498
2013-04-23,0.631122,0.861634
2013-04-24,0.674772,0.890673
2013-04-25,0.716197,0.918206
2013-04-26,0.687642,0.894787
2013-04-29,0.742591,0.961853
2013-04-30,0.736748,0.97253
2013-05-01,0.665913,0.891408
2013-05-02,0.70535,0.96111
2013-05-03,0.783644,1.043744
2013-05-06,0.801536,1.061775
2013-05-07,0.861198,1.102577
2013-05-08,0.909666,1.148462
2013-05-09,0.896083,1.135027
2013-05-10,0.877451,1.166399
2013-05-13,0.864596,1.162187
2013-05-14,0.783606,1.236746
2013-05-15,0.74512,1.273314
2013-05-16,0.771761,1.250417
2013-05-17,0.698626,1.320918
2013-05-20,0.681098,1.335113
2013-05-21,0.673037,1.348062
2013-05-22,0.717152,1.314703
2013-05-23,0.803737,1.245901
2013-05-24,0.814776,1.23443
2013-05-27,0.781833,1.269357
2013-05-28,0.728753,1.335248
2013-05-29,0.798427,1.252326
2013-05-30,0.751126,1.28312
2013-05-31,0.743422,1.170911
2013-06-03,0.696731,1.177124
2013-06-04,0.657276,1.157559
2013-06-05,0.465553,1.029983
2013-06-06,0.494713,1.049311
2013-06-07,0.619003,1.13198
2013-06-10,0.633634,1.141688
2013-06-11,0.53055,1.062917
2013-06-12,0.452529,0.986277
2013-06-13,0.517557,1.040893
2013-06-14,0.464991,0.995164
2013-06-17,0.552128,1.067966
2013-06-18,0.60136,1.113328
2013-06-19,0.526311,1.02923
2013-06-20,0.661196,0.817555
2013-06-21,0.643095,0.792673
2013-06-24,0.528696,0.714949
2013-06-25,0.625448,0.781089
2013-06-26,0.736717,0.854932
2013-06-27,0.827828,0.915448
2013-06-28,0.783007,0.885599
2013-07-01,0.832268,0.932771
2013-07-02,0.8251,0.924225
2013-07-03,0.818082,0.917273
2013-07-04,0.61647,1.051199
2013-07-05,0.572475,1.081977
2013-07-08,0.507304,1.126706
2013-07-09,0.481691,1.17683
2013-07-10,0.469446,1.183908
2013-07-11,0.569411,1.270065
2013-07-12,0.562994,1.267612
2013-07-15,0.593669,1.302626
2013-07-16,0.554488,1.270628
2013-07-17,0.586848,1.296796
2013-07-18,0.625374,1.328706
2013-07-19,0.635258,1.346249
2013-07-22,0.645046,1.356824
2013-07-23,0.639987,1.34479
2013-07-24,0.641485,1.345349
2013-07-25,0.616091,1.34289
2013-07-26,0.612593,1.345294
2013-07-29,0.595544,1.324418
2013-07-30,0.610976,1.347393
2013-07-31,0.618549,1.343017
2013-08-01,0.705283,1.453923
2013-08-02,0.695317,1.467078
2013-08-05,0.682867,1.458784
2013-08-06,0.630927,1.407567
2013-08-07,0.594174,1.377749
2013-08-08,0.625978,1.406486
2013-08-09,0.621632,1.399775
2013-08-12,0.628472,1.411716
2013-08-13,0.650161,1.437248
2013-08-14,0.59778,1.409865
2013-08-15,0.400114,1.270265
2013-08-16,0.372983,1.264426
2013-08-19,0.322104,1.219519
2013-08-20,0.33874,1.228012
2013-08-21,0.263848,1.159334
2013-08-22,0.344903,1.256255
2013-08-23,0.384494,1.296011
2013-08-26,0.351769,1.27407
2013-08-27,0.254924,1.116784
2013-08-28,0.218903,1.123701
2013-08-29,0.236915,1.165373
2013-08-30,0.131671,1.101209
2013-09-02,0.318133,1.225274
2013-09-03,0.326348,1.230707
2013-09-04,0.417225,1.291083
2013-09-05,0.432173,1.307679
2013-09-06,0.448821,1.328422
2013-09-09,0.53394,1.389222
2013-09-10,0.567078,1.477127
2013-09-11,0.571813,1.502574
2013-09-12,0.579902,1.49378
2013-09-13,0.564397,1.513637
2013-09-16,0.569809,1.559184
2013-09-17,0.58545,1.585676
2013-09-18,0.661424,1.668132
2013-09-19,0.680217,1.683434
2013-09-20,0.616133,1.624421
2013-09-23,0.576767,1.58118
2013-09-24,0.570314,1.594422
2013-09-25,0.544337,1.570256
2013-09-26,0.555927,1.603084
2013-09-27,0.526309,1.570463
2013-09-30,0.502209,1.508231
2013-10-01,0.517749,1.592541
2013-10-02,0.497844,1.542756
2013-10-03,0.469945,1.477035
2013-10-04,0.501384,1.547345
2013-10-07,0.428549,1.472038
2013-10-08,0.349649,1.373931
2013-10-09,0.326715,1.351226
2013-10-10,0.558389,1.540592
2013-10-11,0.635257,1.60644
2013-10-14,0.649524,1.630476
2013-10-15,0.621299,1.615483
2013-10-16,0.667942,1.679897
2013-10-17,0.701929,1.726848
2013-10-18,0.743301,1.785457
2013-10-21,0.748098,1.794022
2013-10-22,0.784667,1.838577
2013-10-23,0.754538,1.793633
2013-10-24,0.739257,1.841726
2013-10-25,0.74394,1.853019
2013-10-28,0.759965,1.858857
2013-10-29,0.765238,1.905417
2013-10-30,0.771662,1.873136
2013-10-31,0.760823,1.853058
2013-11-01,0.777128,1.847474
2013-11-04,0.773171,1.894914
2013-11-05,0.774148,1.851859
2013-11-06,0.78427,1.890297
2013-11-07,0.856932,1.791292
2013-11-08,0.765815,1.863742
2013-11-11,0.731333,1.888435
2013-11-12,0.742521,1.867748
2013-11-13,0.704164,1.895419
2013-11-14,0.651848,1.946374
2013-11-15,0.629175,1.975857
2013-11-18,0.64574,1.968727
2013-11-19,0.641185,1.924389
2013-11-20,0.65961,1.905076
2013-11-21,0.571084,1.969096
2013-11-22,0.542053,1.998605
2013-11-25,0.531466,2.019399
2013-11-26,0.515309,2.005987
2013-11-27,0.50215,2.034735
2013-11-28,0.515473,2.054461
2013-11-29,0.510783,2.054648
2013-12-02,0.515588,2.013182
2013-12-03,0.448656,1.912668
2013-12-04,0.41096,1.888363
2013-12-05,0.364305,1.835033
2013-12-06,0.350194,1.942677
2013-12-09,0.332904,1.958495
2013-12-10,0.32139,1.90943
2013-12-11,0.403286,1.798352
2013-12-12,0.338811,1.753301
2013-12-13,0.314801,1.757177
2013-12-16,0.417177,1.855618
2013-12-17,0.359176,1.812735
2013-12-18,0.494417,1.95609
2013-12-19,0.560593,1.975386
2013-12-20,0.550834,2.04634
2013-12-23,0.561744,2.113448
2013-12-24,0.550441,2.147591
2013-12-26,0.470372,2.181624
2013-12-27,0.437117,2.217702
2013-12-30,0.441697,2.210855
2013-12-31,0.381332,2.245691
2014-01-02,0.518175,2.154092
2014-01-03,0.507409,2.160344
2014-01-06,0.538873,2.128599
2014-01-07,0.476338,2.198848
2014-01-08,0.449015,2.200464
2014-01-09,0.433244,2.179831
2014-01-10,0.428005,2.221903
2014-01-13,0.558764,2.129427
2014-01-14,0.474579,2.213178
2014-01-15,0.502937,2.29136
2014-01-16,0.477608,2.264828
2014-01-17,0.472781,2.269268
2014-01-20,0.460796,2.273033
2014-01-21,0.436437,2.291914
2014-01-22,0.427654,2.300857
2014-01-23,0.492866,2.212992
2014-01-24,0.666865,1.957851
2014-01-27,0.636236,1.901373
2014-01-28,0.682004,1.954979
2014-01-29,0.579108,1.876599
2014-01-30,0.628647,1.922142
2014-01-31,0.586446,1.899263
2014-02-03,0.35367,1.707435
2014-02-04,0.386363,1.737608
2014-02-05,0.387018,1.735482
2014-02-06,0.515077,1.837327
2014-02-07,0.589516,1.929923
2014-02-10,0.550473,1.935822
2014-02-11,0.48188,2.01945
2014-02-12,0.451226,2.050628
2014-02-13,0.424188,2.078156
2014-02-14,0.384858,2.113263
2014-02-17,0.421822,2.14747
2014-02-18,0.428926,2.172795
2014-02-19,0.47508,2.138499
2014-02-20,0.4466,2.178223
2014-02-21,0.473228,2.190966
2014-02-24,0.468547,2.240912
2014-02-25,0.452934,2.242179
2014-02-26,0.433855,2.227063
2014-02-27,0.390073,2.261654
2014-02-28,0.376704,2.258651
2014-03-03,0.308939,2.146115
2014-03-04,0.301304,2.297631
2014-03-05,0.280652,2.288939
2014-03-06,0.296583,2.303001
2014-03-07,0.240832,2.271947
2014-03-10,0.232487,2.25497
2014-03-11,0.268798,2.207175
2014-03-12,0.219694,2.200243
2014-03-13,0.133637,2.117509
2014-03-14,0.129249,2.087422
2014-03-17,0.150668,2.169246
2014-03-18,0.207062,2.236988
2014-03-19,0.155183,2.193366
2014-03-20,0.166423,2.234051
2014-03-21,0.137332,2.205304
2014-03-24,0.139353,2.146852
2014-03-25,0.108463,2.212526
2014-03-26,0.078501,2.158901
2014-03-27,0.071627,2.152476
2014-03-28,0.119344,2.197479
2014-03-31,0.188505,2.250181
2014-04-01,0.235007,2.32043
2014-04-02,0.258901,2.343126
2014-04-03,0.255641,2.334178
2014-04-04,0.194336,2.26114
2014-04-07,0.085362,2.156746
2014-04-08,0.099859,2.170113
2014-04-09,0.161934,2.250295
2014-04-10,0.074908,2.111959
2014-04-11,-0.033584,2.033895
2014-04-14,0.037086,2.082951
2014-04-15,0.060043,2.098162
2014-04-16,0.14316,2.161346
2014-04-17,0.191464,2.194597
2014-04-21,0.234051,2.22279
2014-04-22,0.314627,2.290373
2014-04-23,0.286148,2.268899
2014-04-24,0.273295,2.277633
2014-04-25,0.27726,2.209551
2014-04-28,0.288745,2.231237
2014-04-29,0.304377,2.272368
2014-04-30,0.33811,2.305502
2014-05-01,0.333071,2.311996
2014-05-02,0.327553,2.294406
2014-05-05,0.324717,2.298549
2014-05-06,0.23851,2.241286
2014-05-07,0.233296,2.278227
2014-05-08,0.271755,2.298047
2014-05-09,0.270459,2.300619
2014-05-12,0.324315,2.395813
2014-05-13,0.322031,2.39877
2014-05-14,0.318878,2.369129
2014-05-15,0.35131,2.287631
2014-05-16,0.333699,2.32446
2014-05-19,0.340895,2.352542
2014-05-20,0.363031,2.282512
2014-05-21,0.309469,2.353092
2014-05-22,0.295102,2.378579
2014-05-23,0.280182,2.413586
2014-05-26,0.29995,2.470895
2014-05-27,0.301305,2.522873
2014-05-28,0.29439,2.513206
2014-05-29,0.281053,2.548511
2014-05-30,0.247365,2.540514
2014-06-02,0.2465,2.551912
2014-06-03,0.228346,2.532476
2014-06-04,0.213627,2.545595
2014-06-05,0.216458,2.622227
2014-06-06,0.227838,2.691081
2014-06-09,0.252371,2.710217
2014-06-10,0.226128,2.713562
2014-06-11,0.252394,2.669915
2014-06-12,0.258713,2.647174
2014-06-13,0.225651,2.645528
2014-06-16,0.240604,2.631141
2014-06-17,0.198881,2.663498
2014-06-18,0.131296,2.724411
2014-06-19,0.090093,2.749137
2014-06-20,0.086759,2.75731
2014-06-23,0.098531,2.733657
2014-06-24,0.142505,2.688378
2014-06-25,0.119139,2.678579
2014-06-26,0.083975,2.656612
2014-06-27,0.076911,2.680081
2014-06-30,0.067818,2.684714
2014-07-01,0.059743,2.782709
2014-07-02,0.050949,2.783241
2014-07-03,0.059243,2.8686
2014-07-07,0.037128,2.774582
2014-07-08,0.037981,2.667157
2014-07-09,0.00673,2.697184
2014-07-10,-0.020656,2.610858
2014-07-11,-0.042258,2.631579
2014-07-14,-0.041806,2.701408
2014-07-15,-0.075562,2.667196
2014-07-16,-0.052512,2.72788
2014-07-17,-0.050974,2.593899
2014-07-18,-0.123096,2.679279
2014-07-21,-0.106747,2.645762
2014-07-22,-0.144594,2.721038
2014-07-23,-0.177738,2.74348
2014-07-24,-0.16338,2.756718
2014-07-25,-0.140816,2.679337
2014-07-28,-0.151904,2.683313
2014-07-29,-0.110594,2.660564
2014-07-30,-0.151274,2.653451
2014-07-31,-0.034274,2.4376
2014-08-01,-0.07679,2.376617
2014-08-04,-0.051572,2.424995
2014-08-05,-0.114395,2.370717
2014-08-06,-0.132906,2.362236
2014-08-07,-0.205134,2.304283
2014-08-08,-0.155248,2.358739
2014-08-11,-0.085097,2.422646
2014-08-12,-0.113085,2.401028
2014-08-13,-0.162751,2.479786
2014-08-14,-0.182225,2.518013
2014-08-15,-0.208446,2.498759
2014-08-18,-0.215947,2.598189
2014-08-19,-0.23529,2.64985
2014-08-20,-0.266379,2.657551
2014-08-21,-0.236638,2.702205
2014-08-22,-0.292056,2.688113
2014-08-25,-0.232981,2.758067
2014-08-26,-0.201867,2.806759
2014-08-27,-0.204462,2.800173
2014-08-28,-0.239939,2.776046
2014-08-29,-0.235736,2.80194
2014-09-01,-0.210463,2.818756
2014-09-02,-0.206903,2.820555
2014-09-03,-0.167676,2.839893
2014-09-04,-0.120845,2.866899
2014-09-05,-0.154777,2.890421
2014-09-08,-0.166688,2.864994
2014-09-09,-0.15997,2.803047
2014-09-10,-0.17856,2.830772
2014-09-11,-0.180606,2.82472
2014-09-12,-0.167732,2.770422
2014-09-15,-0.176326,2.745221
2014-09-16,-0.217041,2.796803
2014-09-17,-0.218513,2.81421
2014-09-18,-0.239403,2.885032
2014-09-19,-0.253471,2.876341
2014-09-22,-0.252868,2.767067
2014-09-23,-0.301834,2.651724
2014-09-24,-0.321437,2.76128
2014-09-25,-0.316404,2.605691
2014-09-26,-0.334679,2.672144
2014-09-29,-0.393748,2.632913
2014-09-30,-0.379694,2.627761
2014-10-01,-0.499439,2.502844
2014-10-02,-0.616752,2.434188
2014-10-03,-0.499154,2.524224
2014-10-06,-0.507155,2.507564
2014-10-07,-0.678611,2.373178
2014-10-08,-0.62114,2.46872
2014-10-09,-0.740732,2.330031
2014-10-10,-0.775333,2.199527
2014-10-13,-0.850174,2.139976
2014-10-14,-0.800762,2.179091
2014-10-15,-0.954516,2.037858
2014-10-16,-0.918647,2.044735
2014-10-17,-0.824735,2.160545
2014-10-20,-0.806859,2.192384
2014-10-21,-0.634624,2.325606
2014-10-22,-0.658739,2.294187
2014-10-23,-0.695466,2.370347
2014-10-24,-0.74057,2.388994
2014-10-27,-0.737366,2.372392
2014-10-28,-0.803452,2.455463
2014-10-29,-0.779224,2.437892
2014-10-30,-0.805552,2.48496
2014-10-31,-0.784758,2.581471
2014-11-03,-0.817331,2.560573
2014-11-04,-0.813795,2.526609
2014-11-05,-0.792864,2.583161
2014-11-06,-0.761024,2.617584
2014-11-07,-0.757112,2.600435
2014-11-10,-0.757023,2.637179
2014-11-11,-0.754795,2.651566
2014-11-12,-0.732632,2.635177
2014-11-13,-0.762091,2.634205
2014-11-14,-0.768159,2.642586
2014-11-17,-0.75907,2.652792
2014-11-18,-0.717928,2.691648
2014-11-19,-0.729391,2.679249
2014-11-20,-0.70086,2.690094
2014-11-21,-0.671635,2.764984
2014-11-24,-0.649509,2.796008
2014-11-25,-0.655258,2.79832
2014-11-26,-0.634857,2.816037
2014-11-27,-0.652215,2.820606
2014-11-28,-0.691179,2.800928
2014-12-01,-0.74775,2.728766
2014-12-02,-0.692706,2.788375
2014-12-03,-0.671139,2.816619
2014-12-04,-0.720359,2.778693
2014-12-05,-0.636904,2.836671
2014-12-08,-0.749568,2.761695
2014-12-09,-0.815351,2.717913
2014-12-10,-0.96186,2.598969
2014-12-11,-0.953451,2.603048
2014-12-12,-1.107345,2.444149
2014-12-15,-1.164836,2.378005
2014-12-16,-1.214772,2.365783
2014-12-17,-1.030138,2.50153
2014-12-18,-0.858173,2.664408
2014-12-19,-0.851804,2.68658
2014-12-22,-0.859357,2.711169
2014-12-23,-0.873107,2.73544
2014-12-24,-0.880791,2.742693
2014-12-26,-0.867311,2.767611
2014-12-29,-0.88064,2.776938
2014-12-30,-0.85132,2.724962
2014-12-31,-0.913816,2.661808
2015-01-02,-0.911944,2.638711
2015-01-05,-0.882946,2.512816
2015-01-06,-0.891696,2.440822
2015-01-07,-0.835826,2.516296
2015-01-08,-0.795039,2.651947
2015-01-09,-0.807539,2.575782
2015-01-12,-0.858425,2.563082
2015-01-13,-0.899282,2.572912
2015-01-14,-0.852553,2.526243
2015-01-15,-0.831855,2.512079
2015-01-16,-0.957651,2.595427
2015-01-19,-0.965738,2.600544
2015-01-20,-0.987169,2.62133
2015-01-21,-1.019159,2.65507
2015-01-22,-0.951965,2.763496
2015-01-23,-1.023396,2.761516
2015-01-26,-1.004459,2.802112
2015-01-27,-1.071305,2.733723
2015-01-28,-1.182349,2.640055
2015-01-29,-1.103214,2.715017
2015-01-30,-1.222805,2.628696
2015-02-02,-1.133359,2.68964
2015-02-03,-1.042348,2.76748
2015-02-04,-1.072361,2.745194
2015-02-05,-0.991796,2.799868
2015-02-06,-1.005198,2.789938
2015-02-09,-1.048513,2.757405
2015-02-10,-0.993354,2.803408
2015-02-11,-0.991584,2.805699
2015-02-12,-0.916214,2.860362
2015-02-13,-0.889491,2.900565
2015-02-16,-0.922025,2.875654
2015-02-17,-0.923976,2.891627
2015-02-18,-0.92056,2.905066
2015-02-19,-0.909521,2.915937
2015-02-20,-0.891421,2.950683
2015-02-23,-0.890632,2.955685
2015-02-24,-0.849261,2.987723
2015-02-25,-0.868495,2.975799
2015-02-26,-0.838183,2.998232
2015-02-27,-0.835404,2.98751
2015-03-02,-0.833273,3.013814
2015-03-03,-0.867876,2.970356
2015-03-04,-0.841201,2.965128
2015-03-05,-0.832924,2.997017
2015-03-06,-0.732022,2.921816
2015-03-09,-0.776712,2.931429
2015-03-10,-0.924816,2.805264
2015-03-11,-0.861194,2.842553
2015-03-12,-0.812032,2.879031
2015-03-13,-0.858515,2.850879
2015-03-16,-0.73098,2.935704
2015-03-17,-0.739897,2.929755
2015-03-18,-0.632839,3.000961
2015-03-19,-0.664536,2.995029
2015-03-20,-0.624207,3.064601
2015-03-23,-0.627157,3.043211
2015-03-24,-0.639494,3.040347
2015-03-25,-0.616358,2.916576
2015-03-26,-0.613228,2.879778
2015-03-27,-0.611789,2.894582
2015-03-30,-0.534619,2.985954
2015-03-31,-0.636783,2.923341
2015-04-01,-0.644182,2.918417
2015-04-02,-0.622517,2.93282
2015-04-03,-0.629232,2.932566
2015-04-06,-0.611339,2.986757
2015-04-07,-0.539273,3.009852
2015-04-08,-0.552986,3.037242
2015-04-09,-0.513536,3.08643
2015-04-10,-0.537115,3.133592
2015-04-13,-0.566462,3.112814
2015-04-14,-0.561422,3.112765
2015-04-15,-0.556282,3.151737
2015-04-16,-0.529745,3.128617
2015-04-17,-0.57754,3.002824
2015-04-20,-0.530201,3.076253
2015-04-21,-0.539424,3.086076
2015-04-22,-0.518725,3.106858
2015-04-23,-0.46501,3.121198
2015-04-24,-0.45746,3.138753
2015-04-27,-0.460945,3.142202
2015-04-28,-0.488795,3.123711
2015-04-29,-0.621237,3.022885
2015-04-30,-0.704156,2.94786
2015-05-01,-0.638239,3.019714
2015-05-04,-0.593662,3.052167
2015-05-05,-0.709103,2.943984
2015-05-06,-0.731825,2.921116
2015-05-07,-0.710386,2.944658
2015-05-08,-0.550628,3.065597
2015-05-11,-0.577944,3.041907
2015-05-12,-0.612075,3.007187
2015-05-13,-0.616956,2.99619
2015-05-14,-0.531101,3.092141
2015-05-15,-0.554466,3.078144
2015-05-18,-0.517227,3.117413
2015-05-19,-0.499205,3.146218
2015-05-20,-0.493665,3.154037
2015-05-21,-0.501944,3.173095
2015-05-22,-0.510908,3.164344
2015-05-25,-0.535021,3.1483
2015-05-26,-0.575933,3.060402
2015-05-27,-0.534665,3.150136
2015-05-28,-0.544372,3.137955
2015-05-29,-0.612335,3.046916
2015-06-01,-0.603305,3.058247
2015-06-02,-0.632381,3.03857
2015-06-03,-0.599688,3.083541
2015-06-04,-0.658266,3.002856
2015-06-05,-0.687628,2.972515
2015-06-08,-0.72634,2.908037
2015-06-09,-0.742954,2.89581
2015-06-10,-0.641203,3.019268
2015-06-11,-0.615313,3.044713
2015-06-12,-0.690727,2.977237
2015-06-15,-0.783551,2.910599
2015-06-16,-0.721097,2.960537
2015-06-17,-0.75283,2.940305
2015-06-18,-0.652037,3.035088
2015-06-19,-0.701828,2.993813
2015-06-22,-0.55168,3.106569
2015-06-23,-0.512163,3.140051
2015-06-24,-0.579472,3.07893
2015-06-25,-0.610219,3.057697
2015-06-26,-0.598388,3.060284
2015-06-29,-0.835157,2.842318
2015-06-30,-0.86348,2.829221
2015-07-01,-0.779468,2.889199
2015-07-02,-0.799129,2.877671
2015-07-03,-0.845283,2.846962
2015-07-06,-0.903906,2.808834
2015-07-07,-0.920807,2.797405
2015-07-08,-1.035442,2.709703
2015-07-09,-0.966783,2.754129
2015-07-10,-0.787768,2.874612
2015-07-13,-0.640338,2.972655
2015-07-14,-0.591582,3.005044
2015-07-15,-0.585457,3.00911
2015-07-16,-0.52961,3.063178
2015-07-17,-0.536843,3.058046
2015-07-20,-0.52273,3.069545
2015-07-21,-0.58956,3.025065
2015-07-22,-0.636343,2.993924
2015-07-23,-0.696024,2.956053
2015-07-24,-0.790625,2.876545
2015-07-27,-0.891185,2.797804
2015-07-28,-0.797945,2.869912
2015-07-29,-0.715396,2.927553
2015-07-30,-0.692877,2.95182
2015-07-31,-0.689148,2.951114
2015-08-03,-0.703268,2.935944
2015-08-04,-0.729981,2.911243
2015-08-05,-0.681764,2.970966
2015-08-06,-0.737036,2.913489
2015-08-07,-0.752658,2.884024
2015-08-10,-0.662201,2.969082
2015-08-11,-0.782861,2.876526
2015-08-12,-0.860105,2.83209
2015-08-13,-0.852816,2.831888
2015-08-14,-0.82375,2.855772
2015-08-17,-0.77914,2.895965
2015-08-18,-0.811434,2.867821
2015-08-19,-0.958505,2.764876
2015-08-20,-1.217281,2.589534
2015-08-21,-1.436269,2.407998
2015-08-24,-1.812149,2.097678
2015-08-25,-1.767634,2.155844
2015-08-26,-1.608642,2.248577
2015-08-27,-1.471981,2.368397
2015-08-28,-1.464275,2.375853
2015-08-31,-1.502528,2.339463
2015-09-01,-1.555025,2.222567
2015-09-02,-1.518598,2.281017
2015-09-03,-1.532179,2.299837
2015-09-04,-1.544719,2.235397
2015-09-07,-1.558324,2.251808
2015-09-08,-1.481963,2.332637
2015-09-09,-1.515232,2.311754
2015-09-10,-1.523716,2.303501
2015-09-11,-1.488513,2.312459
2015-09-14,-1.498528,2.291933
2015-09-15,-1.439554,2.346785
2015-09-16,-1.404287,2.394006
2015-09-17,-1.418653,2.380475
2015-09-18,-1.451045,2.309689
2015-09-21,-1.436867,2.337035
2015-09-22,-1.584614,2.241377
2015-09-23,-1.610091,2.238745
2015-09-24,-1.667616,2.202064
2015-09-25,-1.661561,2.229486
2015-09-28,-1.830635,2.118547
2015-09-29,-1.839004,2.112223
2015-09-30,-1.715063,2.195871
2015-10-01,-1.703994,2.200455
2015-10-02,-1.658753,2.25715
2015-10-05,-1.634307,2.349707
2015-10-06,-1.648057,2.34689
2015-10-07,-1.710206,2.386248
2015-10-08,-1.739139,2.422902
2015-10-09,-1.746818,2.430345
2015-10-12,-1.74748,2.431509
2015-10-13,-1.691602,2.387152
2015-10-14,-1.682205,2.353844
2015-10-15,-1.702844,2.440772
2015-10-16,-1.717745,2.454217
2015-10-19,-1.705297,2.460842
2015-10-20,-1.712652,2.442718
2015-10-21,-1.756898,2.416189
2015-10-22,-1.690727,2.527364
2015-10-23,-1.701108,2.578827
2015-10-26,-1.700614,2.565099
2015-10-27,-1.691029,2.542205
2015-10-28,-1.71572,2.615781
2015-10-29,-1.716926,2.592482
2015-10-30,-1.696873,2.574934
2015-11-02,-1.704648,2.628813
2015-11-03,-1.706512,2.649031
2015-11-04,-1.695588,2.644173
2015-11-05,-1.69035,2.640888
2015-11-06,-1.692675,2.651666
2015-11-09,-1.669239,2.586146
2015-11-10,-1.692844,2.59579
2015-11-11,-1.725599,2.584079
2015-11-12,-1.689274,2.489517
2015-11-13,-1.674873,2.426854
2015-11-16,-1.65623,2.487509
2015-11-17,-1.712723,2.527647
2015-11-18,-1.654732,2.592949
2015-11-19,-1.670493,2.59568
2015-11-20,-1.695306,2.619314
2015-11-23,-1.677209,2.609197
2015-11-24,-1.665162,2.596598
2015-11-25,-1.720837,2.633304
2015-11-27,-1.754867,2.655642
2015-11-30,-1.733798,2.63553
2015-12-01,-1.770926,2.671903
2015-12-02,-1.719931,2.6323
2015-12-03,-1.53956,2.490701
2015-12-04,-1.591659,2.561866
2015-12-07,-1.617091,2.54259
2015-12-08,-1.567643,2.471604
2015-12-09,-1.568681,2.418973
2015-12-10,-1.564477,2.42887
2015-12-11,-1.552874,2.307296
2015-12-14,-1.537208,2.28721
2015-12-15,-1.678125,2.388075
2015-12-16,-1.751719,2.449588
2015-12-17,-1.694659,2.390973
2015-12-18,-1.600296,2.313048
2015-12-21,-1.62294,2.340858
2015-12-22,-1.672951,2.380221
2015-12-23,-1.780293,2.455025
2015-12-24,-1.776609,2.453335
2015-12-28,-1.750827,2.436413
2015-12-29,-1.832805,2.508734
2015-12-30,-1.773886,2.459045
2015-12-31,-1.716455,2.404113
2016-01-04,-1.716455,2.293826
2016-01-05,-1.718655,2.301753
2016-01-06,-1.830297,2.228641
2016-01-07,-2.048992,2.08314
2016-01-08,-2.13454,2.026147
2016-01-11,-2.133506,2.026823
2016-01-12,-2.08624,2.058255
2016-01-13,-2.221967,1.967963
2016-01-14,-2.14999,2.015153
2016-01-15,-2.289327,1.898438
2016-01-18,-2.29552,1.891447
2016-01-19,-2.303778,1.903059
2016-01-20,-2.313972,1.833171
2016-01-21,-2.316692,1.862729
2016-01-22,-2.157972,1.979436
2016-01-25,-2.260734,1.911034
2016-01-26,-2.169615,1.979581
2016-01-27,-2.236254,1.936921
2016-01-28,-2.244888,1.931162
2016-01-29,-2.057673,2.055712
2016-02-01,-2.066197,2.050017
2016-02-02,-2.191875,1.953223
2016-02-03,-2.209113,1.952131
2016-02-04,-2.204735,1.956999
2016-02-05,-2.31829,1.881442
2016-02-08,-2.441718,1.799296
2016-02-09,-2.48952,1.767487
2016-02-10,-2.470483,1.780142
2016-02-11,-2.584945,1.703976
2016-02-12,-2.448604,1.794679
2016-02-15,-2.329966,1.873616
2016-02-16,-2.247844,1.928249
2016-02-17,-2.104704,2.023472
2016-02-18,-2.129488,2.006965
2016-02-19,-2.14664,1.997457
2016-02-22,-2.08609,2.05905
2016-02-23,-2.157892,2.006182
2016-02-24,-2.135223,2.011241
2016-02-25,-2.043147,2.07381
2016-02-26,-2.033084,2.086587
2016-02-29,-2.055402,2.068485
2016-03-01,-1.993522,2.179051
2016-03-02,-1.983512,2.195896
2016-03-03,-2.030418,2.207678
2016-03-04,-2.028164,2.229966
2016-03-07,-2.055052,2.236998
2016-03-08,-1.999891,2.185514
2016-03-09,-2.0096,2.207178
2016-03-10,-2.030811,2.170959
2016-03-11,-1.94677,2.272949
2016-03-14,-1.944706,2.277204
2016-03-15,-1.959912,2.252827
2016-03-16,-1.928959,2.27782
2016-03-17,-1.883648,2.302538
2016-03-18,-1.855253,2.32557
2016-03-21,-1.852354,2.329021
2016-03-22,-1.852295,2.32904
2016-03-23,-1.908824,2.289736
2016-03-24,-1.951544,2.267182
2016-03-28,-1.951885,2.267128
2016-03-29,-1.932496,2.328345
2016-03-30,-1.901249,2.365247
2016-03-31,-1.93447,2.342364
2016-04-01,-1.979921,2.351321
2016-04-04,-1.970172,2.332097
2016-04-05,-1.980054,2.261867
2016-04-06,-2.016647,2.323952
2016-04-07,-2.004801,2.252929
2016-04-08,-2.011791,2.287869
2016-04-11,-2.000836,2.279508
2016-04-12,-2.017087,2.340485
2016-04-13,-1.947952,2.445747
2016-04-14,-1.942172,2.452096
2016-04-15,-1.950891,2.447512
2016-04-18,-1.966127,2.478936
2016-04-19,-1.947032,2.51262
2016-04-20,-1.947283,2.535876
2016-04-21,-1.94818,2.493547
2016-04-22,-1.990238,2.492671
2016-04-25,-1.997408,2.47106
2016-04-26,-2.013629,2.491864
2016-04-27,-2.010942,2.503155
2016-04-28,-2.097461,2.445598
2016-04-29,-2.208667,2.371625
2016-05-02,-2.14297,2.415317
2016-05-03,-2.263002,2.335463
2016-05-04,-2.340839,2.283677
2016-05-05,-2.347979,2.278918
2016-05-06,-2.30255,2.309119
2016-05-09,-2.293263,2.315288
2016-05-10,-2.195394,2.393255
2016-05-11,-2.240123,2.330434
2016-05-12,-2.270045,2.315512
2016-05-13,-2.298476,2.287454
2016-05-16,-2.260582,2.344634
2016-05-17,-2.363215,2.281972
2016-05-18,-2.359564,2.295293
2016-05-19,-2.396026,2.259329
2016-05-20,-2.29581,2.328078
2016-05-23,-2.323851,2.309669
2016-05-24,-2.252579,2.445934
2016-05-25,-2.213156,2.500824
2016-05-26,-2.205385,2.513042
2016-05-27,-2.234286,2.540797
2016-05-30,-2.216676,2.560073
2016-05-31,-2.242485,2.540134
2016-06-01,-2.284694,2.53206
2016-06-02,-2.284871,2.558159
2016-06-03,-2.320116,2.518193
2016-06-06,-2.306707,2.568874
2016-06-07,-2.288411,2.590574
2016-06-08,-2.280334,2.607715
2016-06-09,-2.311778,2.580764
2016-06-10,-2.407485,2.463994
2016-06-13,-2.464648,2.374905
2016-06-14,-2.506147,2.314962
2016-06-15,-2.493256,2.325984
2016-06-16,-2.491342,2.343217
2016-06-17,-2.468806,2.324032
2016-06-20,-2.399281,2.440459
2016-06-21,-2.423835,2.469991
2016-06-22,-2.401846,2.464967
2016-06-23,-2.502503,2.588621
2016-06-24,-2.397842,2.208719
2016-06-27,-2.373949,2.091787
2016-06-28,-2.293361,2.20174
2016-06-29,-2.141199,2.307191
2016-06-30,-2.042087,2.373114
2016-07-01,-2.00795,2.395819
2016-07-04,-2.039451,2.374859
2016-07-05,-2.104393,2.331645
2016-07-06,-2.105432,2.334592
2016-07-07,-2.093827,2.34485
2016-07-08,-2.040039,2.422174
2016-07-11,-1.99593,2.4642
2016-07-12,-1.961046,2.5073
2016-07-13,-1.965318,2.505644
2016-07-14,-1.939,2.531929
2016-07-15,-1.947951,2.525634
2016-07-18,-1.934241,2.53893
2016-07-19,-1.947099,2.529259
2016-07-20,-1.899177,2.563836
2016-07-21,-1.927891,2.54098
2016-07-22,-1.891636,2.566736
2016-07-25,-1.915346,2.552407
2016-07-26,-1.900928,2.564999
2016-07-27,-1.894864,2.572624
2016-07-28,-1.901984,2.572842
2016-07-29,-1.897232,2.583959
2016-08-01,-1.911133,2.566803
2016-08-02,-1.94025,2.507456
2016-08-03,-1.936976,2.523791
2016-08-04,-1.922902,2.544879
2016-08-05,-1.874467,2.61143
2016-08-08,-1.880001,2.612929
2016-08-09,-1.860608,2.635174
2016-08-10,-1.882331,2.617723
2016-08-11,-1.855957,2.661465
2016-08-12,-1.865005,2.657611
2016-08-15,-1.842725,2.684956
2016-08-16,-1.879977,2.639013
2016-08-17,-1.891906,2.627768
2016-08-18,-1.883404,2.647366
2016-08-19,-1.910938,2.632695
2016-08-22,-1.924902,2.625422
2016-08-23,-1.900124,2.657267
2016-08-24,-1.940446,2.624685
2016-08-25,-1.960998,2.614099
2016-08-26,-1.968853,2.612412
2016-08-29,-1.950653,2.646219
2016-08-30,-1.950544,2.644344
2016-08-31,-1.971251,2.615983
2016-09-01,-1.995887,2.606155
2016-09-02,-1.867002,2.701126
2016-09-05,-1.885701,2.688684
2016-09-06,-1.892278,2.694975
2016-09-07,-1.87714,2.708965
2016-09-08,-1.881716,2.693544
2016-09-09,-1.954526,2.477634
2016-09-12,-1.966375,2.550262
2016-09-13,-2.084496,2.450083
2016-09-14,-2.106292,2.429042
2016-09-15,-2.00046,2.502454
2016-09-16,-2.050114,2.46937
2016-09-19,-1.993619,2.503877
2016-09-20,-2.001626,2.499799
2016-09-21,-1.916305,2.572068
2016-09-22,-1.822375,2.645417
2016-09-23,-1.869184,2.604529
2016-09-26,-1.914191,2.523575
2016-09-27,-1.886022,2.554145
2016-09-28,-1.867506,2.598979
2016-09-29,-1.963577,2.556733
2016-09-30,-1.902203,2.596882
2016-10-03,-1.931559,2.585097
2016-10-04,-1.967073,2.594466
2016-10-05,-1.928661,2.608887
2016-10-06,-1.921034,2.610078
2016-10-07,-1.980132,2.571347
2016-10-10,-1.950551,2.63131
2016-10-11,-1.981386,2.545636
2016-10-12,-1.982572,2.530333
2016-10-13,-2.012267,2.491842
2016-10-14,-1.976779,2.520111
2016-10-17,-1.996565,2.494174
2016-10-18,-1.953445,2.546413
2016-10-19,-1.932632,2.57103
2016-10-20,-1.924419,2.577464
2016-10-21,-1.942511,2.57075
2016-10-24,-1.904876,2.606501
2016-10-25,-1.94038,2.579852
2016-10-26,-1.966739,2.547655
2016-10-27,-2.017714,2.511636
2016-10-28,-2.028399,2.508934
2016-10-31,-2.030546,2.492276
2016-11-01,-2.105956,2.407012
2016-11-02,-2.159595,2.337611
2016-11-03,-2.187858,2.302058
2016-11-04,-2.238625,2.268311
2016-11-07,-1.973783,2.465681
2016-11-08,-1.932475,2.49678
2016-11-09,-1.771056,2.606972
2016-11-10,-1.746543,2.621247
2016-11-11,-1.75097,2.60643
2016-11-14,-1.768216,2.627232
2016-11-15,-1.693192,2.681518
2016-11-16,-1.734013,2.655689
2016-11-17,-1.662201,2.703437
2016-11-18,-1.691163,2.684173
2016-11-21,-1.637119,2.72391
2016-11-22,-1.584138,2.760301
2016-11-23,-1.582795,2.761193
2016-11-24,-1.561399,2.775429
2016-11-25,-1.511577,2.808562
2016-11-28,-1.602453,2.748086
2016-11-29,-1.572854,2.768293
2016-11-30,-1.581446,2.759412
2016-12-01,-1.63938,2.717864
2016-12-02,-1.656498,2.709794
2016-12-05,-1.552191,2.780744
2016-12-06,-1.467909,2.836818
2016-12-07,-1.291514,2.954152
2016-12-08,-1.206248,3.014122
2016-12-09,-1.13729,3.061069
2016-12-12,-1.183677,3.024143
2016-12-13,-1.124707,3.108616
2016-12-14,-1.124545,3.046389
2016-12-15,-1.115159,3.093104
2016-12-16,-1.119736,3.08303
2016-12-19,-1.118817,3.106683
2016-12-20,-1.094787,3.149554
2016-12-21,-1.099996,3.124514
2016-12-22,-1.093822,3.107311
2016-12-23,-1.102833,3.119692
2016-12-27,-1.105041,3.133604
2016-12-28,-1.136844,3.084244
2016-12-29,-1.143898,3.082316
2016-12-30,-1.139731,3.059238
2017-01-02,-1.050453,3.11864
2017-01-03,-1.037035,3.18487
2017-01-04,-1.026648,3.236339
2017-01-05,-1.020865,3.227876
2017-01-06,-1.043231,3.252049
2017-01-09,-1.024904,3.221772
2017-01-10,-1.019404,3.237229
2017-01-11,-1.034811,3.267218
2017-01-12,-1.064175,3.220386
2017-01-13,-1.053894,3.283883
2017-01-16,-1.060793,3.230518
2017-01-17,-1.082904,3.161888
2017-01-18,-1.105157,3.184667
2017-01-19,-1.102051,3.143742
2017-01-20,-1.115821,3.168864
2017-01-23,-1.139345,3.133909
2017-01-24,-1.138033,3.199502
2017-01-25,-1.112471,3.306557
2017-01-26,-1.12602,3.29565
2017-01-27,-1.146833,3.27199
2017-01-30,-1.171825,3.17584
2017-01-31,-1.190162,3.151389
2017-02-01,-1.174429,3.175781
2017-02-02,-1.19162,3.173821
2017-02-03,-1.281689,3.268019
2017-02-06,-1.239757,3.219806
2017-02-07,-1.25476,3.225041
2017-02-08,-1.27245,3.235394
2017-02-09,-1.322423,3.333131
2017-02-10,-1.342141,3.368741
2017-02-13,-1.326582,3.449964
2017-02-14,-1.336855,3.486242
2017-02-15,-1.332698,3.55416
2017-02-16,-1.343266,3.523768
2017-02-17,-1.355874,3.534359
2017-02-20,-1.366148,3.535468
2017-02-21,-1.424417,3.599973
2017-02-22,-1.438814,3.606634
2017-02-23,-1.440886,3.594115
2017-02-24,-1.455271,3.578709
2017-02-27,-1.483627,3.601522
2017-02-28,-1.45127,3.569919
2017-03-01,-1.597211,3.771381
2017-03-02,-1.546651,3.721165
2017-03-03,-1.58253,3.727756
2017-03-06,-1.55082,3.689135
2017-03-07,-1.520804,3.645417
2017-03-08,-1.525452,3.637693
2017-03-09,-1.539454,3.641022
2017-03-10,-1.545341,3.674715
2017-03-13,-1.555155,3.695808
2017-03-14,-1.548793,3.647213
2017-03-15,-1.563577,3.736632
2017-03-16,-1.575455,3.760424
2017-03-17,-1.58524,3.760244
2017-03-20,-1.579997,3.740827
2017-03-21,-1.533454,3.587857
2017-03-22,-1.521443,3.579336
2017-03-23,-1.559683,3.602391
2017-03-24,-1.578898,3.608937
2017-03-27,-1.574428,3.58134
2017-03-28,-1.571703,3.659533
2017-03-29,-1.583267,3.69707
2017-03-30,-1.589685,3.738663
2017-03-31,-1.582673,3.737047
2017-04-03,-1.594667,3.687189
2017-04-04,-1.602861,3.704199
2017-04-05,-1.601684,3.647013
2017-04-06,-1.598064,3.694826
2017-04-07,-1.61489,3.703902
2017-04-10,-1.60981,3.696218
2017-04-11,-1.592764,3.703954
2017-04-12,-1.673584,3.639908
2017-04-13,-1.746912,3.559267
2017-04-17,-1.581106,3.67443
2017-04-18,-1.67917,3.572347
2017-04-19,-1.702932,3.560621
2017-04-20,-1.583292,3.665099
2017-04-21,-1.603523,3.650309
2017-04-24,-1.525364,3.867044
2017-04-25,-1.534021,3.937948
2017-04-26,-1.536835,3.933419
2017-04-27,-1.565595,3.941654
2017-04-28,-1.591667,3.90406
2017-05-01,-1.600016,3.951567
2017-05-02,-1.623787,3.96387
2017-05-03,-1.637007,3.946309
2017-05-04,-1.640622,3.982579
2017-05-05,-1.580612,4.063342
2017-05-08,-1.612874,4.041119
2017-05-09,-1.626544,4.052228
2017-05-10,-1.61447,4.073749
2017-05-11,-1.619177,4.044819
2017-05-12,-1.62346,4.052759
2017-05-15,-1.684101,4.102531
2017-05-16,-1.701294,4.12083
2017-05-17,-1.519555,3.890203
2017-05-18,-1.539136,3.893573
2017-05-19,-1.619169,3.964275
2017-05-22,-1.662161,4.007502
2017-05-23,-1.671195,4.033764
2017-05-24,-1.70069,4.047572
2017-05-25,-1.746019,4.079954
2017-05-26,-1.774542,4.08095
2017-05-29,-1.778188,4.082432
2017-05-30,-1.791124,4.053126
2017-05-31,-1.79192,4.05327
2017-06-01,-1.758297,4.144325
2017-06-02,-1.756357,4.186869
2017-06-05,-1.776549,4.155378
2017-06-06,-1.76527,4.117218
2017-06-07,-1.768467,4.111344
2017-06-08,-1.727483,4.126409
2017-06-09,-1.713009,4.124791
2017-06-12,-1.733252,4.091611
2017-06-13,-1.704602,4.144814
2017-06-14,-1.745392,4.116828
2017-06-15,-1.781809,4.078409
2017-06-16,-1.807567,4.096597
2017-06-19,-1.806941,4.20176
2017-06-20,-1.821961,4.132433
2017-06-21,-1.838117,4.11072
2017-06-22,-1.832429,4.108716
2017-06-23,-1.84189,4.116987
2017-06-26,-1.839076,4.141381
2017-06-27,-1.823137,4.048909
2017-06-28,-1.905257,4.120434
2017-06-29,-1.87341,3.990107
2017-06-30,-1.885043,3.970574
2017-07-03,-1.888847,4.034156
2017-07-04,-1.908949,4.017737
2017-07-05,-1.920179,4.021521
2017-07-06,-1.845616,3.922402
2017-07-07,-1.91736,3.978931
2017-07-10,-1.922312,3.995994
2017-07-11,-1.917834,3.980337
2017-07-12,-2.002123,4.092621
2017-07-13,-2.014361,4.114167
2017-07-14,-2.078561,4.140439
2017-07-17,-2.084814,4.151926
2017-07-18,-2.091866,4.113231
2017-07-19,-2.113808,4.189764
2017-07-20,-2.104432,4.192796
2017-07-21,-2.150177,4.140774
2017-07-24,-2.166834,4.125114
2017-07-25,-2.141686,4.184079
2017-07-26,-2.164464,4.184641
2017-07-27,-2.191229,4.16967
2017-07-28,-2.251001,4.129039
2017-07-31,-2.266944,4.110703
2017-08-01,-2.229233,4.15583
2017-08-02,-2.260175,4.135005
2017-08-03,-2.274238,4.139983
2017-08-04,-2.293998,4.18682
2017-08-07,-2.338132,4.210006
2017-08-08,-2.328126,4.192877
2017-08-09,-2.280041,4.145701
2017-08-10,-2.069177,3.956668
2017-08-11,-2.11705,3.936589
2017-08-14,-2.099548,4.056811
2017-08-15,-2.0805,4.056836
2017-08-16,-2.051122,4.090219
2017-08-17,-2.062329,3.929306
2017-08-18,-2.109123,3.901512
2017-08-21,-2.149378,3.884405
2017-08-22,-2.070355,3.997179
2017-08-23,-2.096383,3.955744
2017-08-24,-2.080562,3.963366
2017-08-25,-2.077715,3.963789
2017-08-28,-2.105094,3.954738
2017-08-29,-2.156879,3.940403
2017-08-30,-2.172356,3.987879
2017-08-31,-2.189738,4.062573
2017-09-01,-2.185077,4.096149
2017-09-04,-2.221467,4.0584
2017-09-05,-2.204794,3.980509
2017-09-06,-2.208327,4.008426
2017-09-07,-2.206709,4.014093
2017-09-08,-2.216895,4.006153
2017-09-11,-2.139057,4.127056
2017-09-12,-2.069805,4.193669
2017-09-13,-2.064682,4.199392
2017-09-14,-2.079272,4.187512
2017-09-15,-2.094849,4.185711
2017-09-18,-2.065615,4.221353
2017-09-19,-2.059171,4.232678
2017-09-20,-2.048633,4.240421
2017-09-21,-2.030203,4.234356
2017-09-22,-2.006306,4.242428
2017-09-25,-1.985265,4.23308
2017-09-26,-1.99193,4.229328
2017-09-27,-1.924439,4.307139
2017-09-28,-1.90951,4.323725
2017-09-29,-1.879611,4.373755
2017-10-02,-1.838727,4.44729
2017-10-03,-1.838142,4.485576
2017-10-04,-1.850592,4.48459
2017-10-05,-1.864131,4.553242
2017-10-06,-1.864557,4.530353
2017-10-09,-1.875563,4.522678
2017-10-10,-1.874657,4.54908
2017-10-11,-1.887697,4.559728
2017-10-12,-1.88414,4.55249
2017-10-13,-1.889394,4.566362
2017-10-16,-1.89986,4.583253
2017-10-17,-1.922661,4.583019
2017-10-18,-1.90015,4.620692
2017-10-19,-1.933227,4.595882
2017-10-20,-1.939536,4.655494
2017-10-23,-1.935999,4.610138
2017-10-24,-1.94398,4.641794
2017-10-25,-1.954738,4.563058
2017-10-26,-1.938148,4.645975
2017-10-27,-1.921619,4.739782
2017-10-30,-1.932035,4.690046
2017-10-31,-1.944266,4.737527
2017-11-01,-1.947597,4.742868
2017-11-02,-1.97118,4.759194
2017-11-03,-1.977718,4.786488
2017-11-06,-1.984598,4.812502
2017-11-07,-1.952026,4.757244
2017-11-08,-1.968872,4.776377
2017-11-09,-1.939214,4.688977
2017-11-10,-1.907785,4.649729
2017-11-13,-1.924687,4.640473
2017-11-14,-1.943522,4.59856
2017-11-15,-1.914888,4.528457
2017-11-16,-1.933788,4.651687
2017-11-17,-1.902951,4.612679
2017-11-20,-1.894248,4.662872
2017-11-21,-1.906131,4.753346
2017-11-22,-1.908676,4.733648
2017-11-23,-1.927553,4.754627
2017-11-24,-1.941623,4.781743
2017-11-27,-1.919571,4.760042
2017-11-28,-2.115037,4.905803
2017-11-29,-2.127528,4.884165
2017-11-30,-2.261171,4.945475
2017-12-01,-2.247151,4.890083
2017-12-04,-2.205857,4.904259
2017-12-05,-2.186516,4.849592
2017-12-06,-2.190582,4.845689
2017-12-07,-2.198436,4.869796
2017-12-08,-2.176008,4.937875
2017-12-11,-2.196261,4.974752
2017-12-12,-2.176575,5.008232
2017-12-13,-2.195549,5.011898
2017-12-14,-2.229249,4.92845
2017-12-15,-2.211334,5.033402
2017-12-18,-2.182477,5.137778
2017-12-19,-2.190205,5.0793
2017-12-20,-2.209851,5.043221
2017-12-21,-2.183087,5.095923
2017-12-22,-2.196731,5.076991
2017-12-26,-2.196731,5.080776
2017-12-27,-2.19116,5.078964
2017-12-28,-2.198577,5.067925
2017-12-29,-2.204634,5.018342
2018-01-02,-2.224283,5.071006
2018-01-03,-2.208803,5.157093
2018-01-04,-2.198913,5.239988
2018-01-05,-2.255179,5.339229
2018-01-08,-2.258237,5.36214
2018-01-09,-2.266128,5.394021
2018-01-10,-2.271481,5.370599
2018-01-11,-2.389432,5.461588
2018-01-12,-2.461352,5.537038
2018-01-15,-2.467839,5.530249
2018-01-16,-2.465035,5.48746
2018-01-17,-2.536732,5.566282
2018-01-18,-2.507852,5.528255
2018-01-19,-2.5367,5.617586
2018-01-22,-2.610504,5.699071
2018-01-23,-2.61505,5.722883
2018-01-24,-2.662764,5.683637
2018-01-25,-2.70465,5.667707
2018-01-26,-2.781466,5.791914
2018-01-29,-2.734257,5.718453
2018-01-30,-2.687354,5.587206
2018-01-31,-2.721469,5.570234
2018-02-01,-2.752488,5.531435
2018-02-02,-2.833484,5.282513
2018-02-05,-2.950642,4.89166
2018-02-06,-2.840143,4.926525
2018-02-07,-2.874028,4.946384
2018-02-08,-3.029655,4.792218
2018-02-09,-2.973588,4.79265
2018-02-12,-2.936595,4.868735
2018-02-13,-2.936731,4.861224
2018-02-14,-2.847382,4.933398
2018-02-15,-2.764094,4.991124
2018-02-16,-2.736769,5.01804
2018-02-19,-2.75595,4.980802
2018-02-20,-2.792751,4.969952
2018-02-21,-2.80825,4.962161
2018-02-22,-2.79472,4.975323
2018-02-23,-2.740022,5.024795
2018-02-26,-2.661991,5.082604
2018-02-27,-2.739564,5.02545
2018-02-28,-2.820849,4.968036
2018-03-01,-2.926175,4.891037
2018-03-02,-2.959958,4.871442
2018-03-05,-2.885269,4.925969
2018-03-06,-2.858412,4.944752
2018-03-07,-2.839438,4.95737
2018-03-08,-2.79278,4.991911
2018-03-09,-2.7048,5.060103
2018-03-12,-2.724859,5.062255
2018-03-13,-2.781323,5.008927
2018-03-14,-2.790296,4.985759
2018-03-15,-2.775783,4.997718
2018-03-16,-2.764848,5.016164
2018-03-19,-2.861979,4.930023
2018-03-20,-2.836562,4.950388
2018-03-21,-2.857786,4.936247
2018-03-22,-3.067003,4.783895
2018-03-23,-3.17849,4.700156
2018-03-26,-3.100589,4.766723
2018-03-27,-3.152513,4.732879
2018-03-28,-3.134968,4.744522
2018-03-29,-3.03479,4.811184
2018-04-02,-3.236479,4.676952
2018-04-03,-3.188184,4.709075
2018-04-04,-3.134125,4.745049
2018-04-05,-3.065154,4.831074
2018-04-06,-3.18989,4.75081
2018-04-09,-3.199544,4.770352
2018-04-10,-3.175368,4.841702
2018-04-11,-3.221997,4.819505
2018-04-12,-3.162843,4.858864
2018-04-13,-3.173827,4.851551
2018-04-16,-3.142123,4.872646
2018-04-17,-3.061825,4.926081
2018-04-18,-3.029916,4.947312
2018-04-19,-3.063927,4.924669
2018-04-20,-3.092243,4.905815
2018-04-23,-3.073157,4.918512
2018-04-24,-3.142032,4.872667
2018-04-25,-3.144439,4.871061
2018-04-26,-3.058567,4.934762
2018-04-27,-3.050291,4.941861
2018-04-30,-3.092321,4.919085
2018-05-01,-3.068695,4.93703
2018-05-02,-3.085357,4.927353
2018-05-03,-3.098224,4.91879
2018-05-04,-2.997952,4.985509
2018-05-07,-2.951251,5.016584
2018-05-08,-2.948146,5.018184
2018-05-09,-2.882837,5.072638
2018-05-10,-2.830235,5.113036
2018-05-11,-2.810343,5.129442
2018-05-14,-2.805889,5.128289
2018-05-15,-2.840757,5.10766
2018-05-16,-2.796962,5.141139
2018-05-17,-2.791564,5.16091
2018-05-18,-2.80617,5.149828
2018-05-21,-2.740174,5.208482
2018-05-22,-2.765256,5.200003
2018-05-23,-2.791687,5.157247
2018-05-24,-2.811561,5.138619
2018-05-25,-2.835747,5.11722
2018-05-28,-2.848675,5.082374
2018-05-29,-2.956511,5.001349
2018-05-30,-2.877418,5.07247
2018-05-31,-2.942697,5.021571
2018-06-01,-2.849124,5.099142
2018-06-04,-2.818543,5.132004
2018-06-05,-2.835175,5.133612
2018-06-06,-2.792967,5.177465
2018-06-07,-2.802427,5.163494
2018-06-08,-2.798403,5.170869
2018-06-11,-2.75092,5.210192
2018-06-12,-2.775328,5.202592
2018-06-13,-2.789255,5.188836
2018-06-14,-2.724352,5.260512
2018-06-15,-2.745936,5.214031
2018-06-18,-2.805237,5.182298
2018-06-19,-2.870158,5.137185
2018-06-20,-2.849708,5.163918
2018-06-21,-2.908137,5.082085
2018-06-22,-2.832903,5.134955
2018-06-25,-2.925576,4.985054
2018-06-26,-2.922067,5.0069
2018-06-27,-2.940436,4.963516
2018-06-28,-2.934118,4.978757
2018-06-29,-2.902561,5.002521
2018-07-02,-2.919213,4.995657
2018-07-03,-2.914248,4.992951
2018-07-04,-2.893592,5.006695
2018-07-05,-2.816943,5.078241
2018-07-06,-2.768912,5.13035
2018-07-09,-2.709205,5.200234
2018-07-10,-2.689461,5.217965
2018-07-11,-2.786007,5.127439
2018-07-12,-2.716219,5.196985
2018-07-13,-2.696833,5.211746
2018-07-16,-2.726366,5.178471
2018-07-17,-2.687256,5.219234
2018-07-18,-2.650359,5.246143
2018-07-19,-2.67344,5.230868
2018-07-20,-2.703322,5.210304
2018-07-23,-2.692512,5.22361
2018-07-24,-2.65427,5.247802
2018-07-25,-2.625272,5.277087
2018-07-26,-2.578804,5.310013
2018-07-27,-2.628781,5.252562
2018-07-30,-2.666853,5.21143
2018-07-31,-2.615611,5.266814
2018-08-01,-2.640157,5.230507
2018-08-02,-2.626263,5.245096
2018-08-03,-2.619363,5.278654
2018-08-06,-2.600351,5.301054
2018-08-07,-2.556396,5.349455
2018-08-08,-2.598854,5.330547
2018-08-09,-2.607251,5.332072
2018-08-10,-2.696405,5.243653
2018-08-13,-2.720652,5.206452
2018-08-14,-2.718936,5.250713
2018-08-15,-2.723074,5.133676
2018-08-16,-2.804948,5.217291
2018-08-17,-2.842882,5.233918
2018-08-20,-2.86448,5.265353
2018-08-21,-2.86824,5.294946
2018-08-22,-2.877906,5.300073
2018-08-23,-2.885096,5.285351
2018-08-24,-2.867748,5.330392
2018-08-27,-2.818489,5.405899
2018-08-28,-2.820872,5.408046
2018-08-29,-2.826568,5.443474
2018-08-30,-2.862383,5.394754
2018-08-31,-2.897291,5.358895
2018-09-03,-2.89344,5.386432
2018-09-04,-2.944603,5.343783
2018-09-05,-3.008718,5.275689
2018-09-06,-3.034535,5.228648
2018-09-07,-3.065698,5.211207
2018-09-10,-3.037604,5.235531
2018-09-11,-3.009555,5.260556
2018-09-12,-2.990086,5.271896
2018-09-13,-2.994693,5.289464
2018-09-14,-3.011231,5.308054
2018-09-17,-3.021768,5.24843
2018-09-18,-3.040567,5.300052
2018-09-19,-3.065892,5.317743
2018-09-20,-3.095323,5.421039
2018-09-21,-3.053317,5.428757
2018-09-24,-3.05467,5.393965
2018-09-25,-3.027448,5.402248
2018-09-26,-2.989744,5.376472
2018-09-27,-2.966485,5.416045
2018-09-28,-3.021103,5.388616
2018-10-01,-2.998397,5.397095
2018-10-02,-3.028616,5.366238
2018-10-03,-2.993731,5.413076
2018-10-04,-3.0773,5.277687
2018-10-05,-3.171518,5.195177
2018-10-08,-3.244881,5.157249
2018-10-09,-3.237716,5.145861
2018-10-10,-3.354787,4.807425
2018-10-11,-3.493906,4.673565
2018-10-12,-3.481854,4.697072
2018-10-15,-3.495619,4.689876
2018-10-16,-3.290149,4.846802
2018-10-17,-3.320183,4.82753
2018-10-18,-3.456823,4.736645
2018-10-19,-3.476507,4.726561
2018-10-22,-3.492396,4.702621
2018-10-23,-3.541448,4.648785
2018-10-24,-3.72539,4.499078
2018-10-25,-3.652438,4.56657
2018-10-26,-3.69539,4.503148
2018-10-29,-3.749247,4.495681
2018-10-30,-3.653,4.56112
2018-10-31,-3.58043,4.636835
2018-11-01,-3.512145,4.679295
2018-11-02,-3.543497,4.671463
2018-11-05,-3.530731,4.691695
2018-11-06,-3.506603,4.707243
2018-11-07,-3.37976,4.814045
2018-11-08,-3.402862,4.801615
2018-11-09,-3.410798,4.747378
2018-11-12,-3.5471,4.644844
2018-11-13,-3.532005,4.656673
2018-11-14,-3.607333,4.606556
2018-11-15,-3.538828,4.652119
2018-11-16,-3.538284,4.652477
2018-11-19,-3.673521,4.562508
2018-11-20,-3.82861,4.459317
2018-11-21,-3.775391,4.51492
2018-11-22,-3.822937,4.446251
2018-11-23,-3.855534,4.429407
2018-11-26,-3.727794,4.517493
2018-11-27,-3.729166,4.516573
2018-11-28,-3.622042,4.602138
2018-11-29,-3.597727,4.610371
2018-11-30,-3.622618,4.618351
2018-12-03,-3.551936,4.692551
2018-12-04,-3.663925,4.539396
2018-12-05,-3.699964,4.503924
2018-12-06,-3.851403,4.403518
2018-12-07,-3.936245,4.348974
2018-12-10,-3.964845,4.329933
2018-12-11,-3.927213,4.354969
2018-12-12,-3.850713,4.405862
2018-12-13,-3.872537,4.390483
2018-12-14,-3.98424,4.316151
2018-12-17,-4.099641,4.231983
2018-12-18,-4.129566,4.202384
2018-12-19,-4.19913,4.158126
2018-12-20,-4.258908,4.102638
2018-12-21,-4.399334,4.008366
2018-12-24,-4.572215,3.893309
2018-12-26,-4.222128,4.126263
2018-12-27,-4.203879,4.114104
2018-12-28,-4.179234,4.152688
2018-12-31,-4.133481,4.183126
2019-01-02,-4.126495,4.189693
2019-01-03,-4.246862,4.104915
2019-01-04,-4.071953,4.247856
2019-01-07,-4.034842,4.258414
2019-01-08,-4.011062,4.307418
2019-01-09,-3.984984,4.331236
2019-01-10,-3.971166,4.348059
2019-01-11,-3.986636,4.342852
2019-01-14,-4.018327,4.311637
2019-01-15,-3.977416,4.349814
2019-01-16,-3.966019,4.361187
2019-01-17,-3.947648,4.382245
2019-01-18,-3.858387,4.463517
2019-01-21,-3.88544,4.445517
2019-01-22,-3.93673,4.384767
2019-01-23,-3.929629,4.385998
2019-01-24,-3.924874,4.393854
2019-01-25,-3.872169,4.440771
2019-01-28,-3.925881,4.401539
2019-01-29,-3.913556,4.416699
2019-01-30,-3.841022,4.483827
2019-01-31,-3.806154,4.513561
2019-02-01,-3.824766,4.526178
2019-02-04,-3.835094,4.548204
2019-02-05,-3.806413,4.604657
2019-02-06,-3.811837,4.601156
2019-02-07,-3.895248,4.536881
2019-02-08,-3.911629,4.529213
2019-02-11,-3.87236,4.555336
2019-02-12,-3.804038,4.61605
2019-02-13,-3.784631,4.636111
2019-02-14,-3.801586,4.629425
2019-02-15,-3.724638,4.713698
2019-02-18,-3.72317,4.714675
2019-02-19,-3.735929,4.710911
2019-02-20,-3.713268,4.741689
2019-02-21,-3.714176,4.718675
2019-02-22,-3.735975,4.753908
2019-02-25,-3.741207,4.764309
2019-02-26,-3.712756,4.753414
2019-02-27,-3.734853,4.747342
2019-02-28,-3.711523,4.739472
2019-03-01,-3.751166,4.77959
2019-03-04,-3.738342,4.762749
2019-03-05,-3.72828,4.775172
2019-03-06,-3.796057,4.731453
2019-03-07,-3.839973,4.698147
2019-03-08,-3.867966,4.679541
2019-03-11,-3.756355,4.753557
2019-03-12,-3.747862,4.75913
2019-03-13,-3.673703,4.808361
2019-03-14,-3.659236,4.818034
2019-03-15,-3.604179,4.876747
2019-03-18,-3.641201,4.908298
2019-03-19,-3.637145,4.91098
2019-03-20,-3.58171,4.868063
2019-03-21,-3.60592,4.93911
2019-03-22,-3.543248,4.764577
2019-03-25,-3.556559,4.759707
2019-03-26,-3.524214,4.805779
2019-03-27,-3.551905,4.790946
2019-03-28,-3.511633,4.817713
2019-03-29,-3.438054,4.866597
2019-04-01,-3.309364,4.952081
2019-04-02,-3.291111,4.961632
2019-04-03,-3.245031,5.005972
2019-04-04,-3.270326,5.016004
2019-04-05,-3.291503,5.051829
2019-04-08,-3.297109,5.043776
2019-04-09,-3.250637,4.996444
2019-04-10,-3.259803,5.0264
2019-04-11,-3.259926,5.029117
2019-04-12,-3.254133,5.07237
2019-04-15,-3.259724,5.068644
2019-04-16,-3.244769,5.090646
2019-04-17,-3.249155,5.080213
2019-04-18,-3.243044,5.107512
2019-04-22,-3.266753,5.104319
2019-04-23,-3.232369,5.176846
2019-04-24,-3.234166,5.15902
2019-04-25,-3.245162,5.128522
2019-04-26,-3.270687,5.164458
2019-04-29,-3.27723,5.177675
2019-04-30,-3.309776,5.186422
2019-05-01,-3.284058,5.109698
2019-05-02,-3.272746,5.078053
2019-05-03,-3.23166,5.169381
2019-05-06,-3.208098,5.106793
2019-05-07,-3.297577,4.941857
2019-05-08,-3.311145,4.947529
2019-05-09,-3.41168,4.872027
2019-05-10,-3.395522,4.907816
2019-05-13,-3.681063,4.701274
2019-05-14,-3.658119,4.789665
2019-05-15,-3.624956,4.839097
2019-05-16,-3.613986,4.916796
2019-05-17,-3.652266,4.87581
2019-05-20,-3.631739,4.8086
2019-05-21,-3.619623,4.866638
2019-05-22,-3.668678,4.845856
2019-05-23,-3.826915,4.731196
2019-05-24,-3.763867,4.774749
2019-05-27,-3.7081,4.811855
2019-05-28,-3.790456,4.757056
2019-05-29,-3.90772,4.679046
2019-05-30,-3.866125,4.706711
2019-05-31,-4.000957,4.617022
2019-06-03,-3.99732,4.625328
2019-06-04,-3.819093,4.745851
2019-06-05,-3.772487,4.776826
2019-06-06,-3.732324,4.803535
2019-06-07,-3.657828,4.881502
2019-06-10,-3.640662,4.921178
2019-06-11,-3.64062,4.932202
2019-06-12,-3.665217,4.910485
2019-06-13,-3.664139,4.927738
2019-06-14,-3.690508,4.906618
2019-06-17,-3.672778,4.920796
2019-06-18,-3.521245,5.038023
2019-06-19,-3.51156,5.042947
2019-06-20,-3.450865,5.097157
2019-06-21,-3.469161,5.058373
2019-06-24,-3.446965,5.051515
2019-06-25,-3.487644,5.002524
2019-06-26,-3.490104,4.992029
2019-06-27,-3.478179,5.023654
2019-06-28,-3.493038,5.072997
2019-07-01,-3.472964,5.132018
2019-07-02,-3.4686,5.16121
2019-07-03,-3.408836,5.226702
2019-07-04,-3.426056,5.221431
2019-07-05,-3.45187,5.189468
2019-07-08,-3.482,5.156762
2019-07-09,-3.496169,5.153115
2019-07-10,-3.472892,5.171179
2019-07-11,-3.472773,5.168099
2019-07-12,-3.419713,5.199594
2019-07-15,-3.410175,5.208793
2019-07-16,-3.412141,5.209487
2019-07-17,-3.496095,5.148359
2019-07-18,-3.477684,5.157294
2019-07-19,-3.535276,5.11893
2019-07-22,-3.506036,5.146697
2019-07-23,-3.393477,5.23222
2019-07-24,-3.360106,5.255102
2019-07-25,-3.414345,5.191264
2019-07-26,-3.401223,5.251246
2019-07-29,-3.385088,5.264268
2019-07-30,-3.374486,5.208151
2019-07-31,-3.404873,5.13795
2019-08-01,-3.461191,5.073599
2019-08-02,-3.62946,4.936899
2019-08-05,-3.869,4.669912
2019-08-06,-3.817594,4.723493
2019-08-07,-3.797038,4.740672
2019-08-08,-3.600227,4.871622
2019-08-09,-3.678809,4.819315
2019-08-12,-3.761365,4.755243
2019-08-13,-3.718821,4.846762
2019-08-14,-3.478416,4.669998
2019-08-15,-3.481063,4.669802
2019-08-16,-3.548265,4.755104
2019-08-19,-3.546784,4.819187
2019-08-20,-3.617534,4.773405
2019-08-21,-3.516954,4.842133
2019-08-22,-3.556962,4.815511
2019-08-23,-3.722854,4.705123
2019-08-26,-3.65096,4.752942
2019-08-27,-3.686429,4.72934
2019-08-28,-3.632827,4.765
2019-08-29,-3.54022,4.842572
2019-08-30,-3.525821,4.850226
2019-09-02,-3.46849,4.888373
2019-09-03,-3.512152,4.845041
2019-09-04,-3.480675,4.909541
2019-09-05,-3.441659,4.969373
2019-09-06,-3.421387,4.981163
2019-09-09,-3.445339,4.979853
2019-09-10,-3.424459,4.996817
2019-09-11,-3.336253,5.055502
2019-09-12,-3.322156,5.066843
2019-09-13,-3.319456,5.068622
2019-09-16,-3.355065,5.044913
2019-09-17,-3.350097,5.048226
2019-09-18,-3.35106,5.04758
2019-09-19,-3.333319,5.059378
2019-09-20,-3.361864,5.040345
2019-09-23,-3.349753,5.036206
2019-09-24,-3.422738,4.980209
2019-09-25,-3.373183,5.001935
2019-09-26,-3.390494,5.011812
2019-09-27,-3.417138,4.994904
2019-09-30,-3.379661,5.032462
2019-10-01,-3.50845,4.925745
2019-10-02,-3.602612,4.754981
2019-10-03,-3.565057,4.794093
2019-10-04,-3.466771,4.866089
2019-10-07,-3.469399,4.865842
2019-10-08,-3.489949,4.780374
2019-10-09,-3.530728,4.826102
2019-10-10,-3.546738,4.875603
2019-10-11,-3.602183,4.963517
2019-10-14,-3.599549,4.946825
2019-10-15,-3.599079,5.013675
2019-10-16,-3.610655,4.999012
2019-10-17,-3.626127,5.014007
2019-10-18,-3.655497,4.981916
2019-10-21,-3.635371,5.017014
2019-10-22,-3.657014,5.005703
2019-10-23,-3.623289,5.031351
2019-10-24,-3.590335,5.053277
2019-10-25,-3.53876,5.089974
2019-10-28,-3.488383,5.123502
2019-10-29,-3.499906,5.115822
2019-10-30,-3.465133,5.138966
2019-10-31,-3.526856,5.097887
2019-11-01,-3.45765,5.162181
2019-11-04,-3.43502,5.218095
2019-11-05,-3.439748,5.228603
2019-11-06,-3.452034,5.232518
2019-11-07,-3.435561,5.261987
2019-11-08,-3.429176,5.263021
2019-11-11,-3.450136,5.256358
2019-11-12,-3.448685,5.279054
2019-11-13,-3.450186,5.271517
2019-11-14,-3.458411,5.260336
2019-11-15,-3.406289,5.307032
2019-11-18,-3.408098,5.306264
2019-11-19,-3.410233,5.301838
2019-11-20,-3.459355,5.265694
2019-11-21,-3.491238,5.240833
2019-11-22,-3.458724,5.273021
2019-11-25,-3.375135,5.360017
2019-11-26,-3.350647,5.384022
2019-11-27,-3.344967,5.411906
2019-11-28,-3.361126,5.397835
2019-11-29,-3.374048,5.35838
2019-12-02,-3.367425,5.228268
2019-12-03,-3.379869,5.149204
2019-12-04,-3.341722,5.220014
2019-12-05,-3.341996,5.224794
2019-12-06,-3.203106,5.329662
2019-12-09,-3.265193,5.290099
2019-12-10,-3.277876,5.293155
2019-12-11,-3.271259,5.314992
2019-12-12,-3.229553,5.363128
2019-12-13,-3.21215,5.387238
2019-12-16,-3.143077,5.491381
2019-12-17,-3.170424,5.473724
2019-12-18,-3.173752,5.485545
2019-12-19,-3.174565,5.518456
2019-12-20,-3.179326,5.568682
2019-12-23,-3.182725,5.581909
2019-12-24,-3.180722,5.581473
2019-12-26,-3.206855,5.637101
2019-12-27,-3.192505,5.623278
2019-12-30,-3.153856,5.560915
2019-12-31,-3.182455,5.57362
